,store,new_store,works,region
0,21312de55841d2c624d4873b1f13d1f5,서울특별시_0,279,서울특별시
1,915456ef4406fd74b592417029179f61,광주광역시_2,30,광주광역시
2,971111623cc4c193722c349e4db882a0,인천광역시_6,240,인천광역시
3,08281c648c0b30258834699eb531396e,인천광역시_15,172,인천광역시
4,804921e22bdbc209960d2df922404741,인천광역시_4,17,인천광역시
5,006fb0074a919c9ebcf373701f5093e3,경기도_20,84,경기도
6,8675a9e3aa092a8e0c494aa6d1ed2111,경기도_163,3035,경기도
7,f902425529b1e202a8f1e76768a3f5f7,경기도_6,39,경기도
8,6cd122387680f57e383b624eb35272d2,경기도_5,528,경기도
9,a79014bb91cb4466d09c2944987ff430,경기도_263,478,경기도
10,bed571516c31082517e6760a1278e6d3,경기도_156,2376,경기도
11,f2b14ea2cf3dd7d7a5dee42653eeb3fb,경기도_147,18,경기도
12,986ce4e5c3b238f15c04f9d039fa78cc,경기도_213,1,경기도
13,8c656c56bd1c201d276caf4383c2a341,울산광역시_9,10,울산광역시
14,da1b19a58d2c96ff5ec9e688d933b798,인천광역시_43,45,인천광역시
15,dedb3ff7d6da0854bb9961b411d64333,인천광역시_18,116,인천광역시
16,d12f87eb216363e055666536c0b834a4,경기도_150,182,경기도
17,2b114dd67355175ef61b028fa1072cd5,경기도_200,2695,경기도
18,c07f7922ab6b03949b1a523840512cad,경기도_262,595,경기도
19,c53a8a60d0b698bec3c77a5b31dd6718,경기도_318,143,경기도
20,183b31ed7a81c98b698182f0e4111319,경기도_19,129,경기도
21,89caceedf2d4e04fbd24b99e6ed919ec,경기도_145,317,경기도
22,e882498cd5b8a542fb7e5171a4ccccf1,경기도_70,10,경기도
23,00880e1e2e64cfe6c5fdebd13785ea70,경기도_131,2,경기도
24,23cb44202ad8ff5e0310f76562dacbc1,인천광역시_16,941,인천광역시
25,6f78aa39cfc17f5835da51c4de7bce61,경기도_76,1585,경기도
26,224ca711c6bd237a12f4e84783b8cb7c,경상북도_9,174,경상북도
27,ce63ee18d74c2f5846fec3d887553fe2,경상북도_60,389,경상북도
28,c7d0bc5fdfada34fd3b29a4353c3c169,경상북도_27,4,경상북도
29,82d5f48a840239a01c600a3928f4599a,인천광역시_31,1302,인천광역시
30,b992e1f42270a40b3dd0d99d757a2c44,경기도_16,558,경기도
31,30ca1e0f305a6e91fb14e21b47e13a89,경기도_32,56,경기도
32,cca10159fb577eb1c1a366b576476e83,충청북도_4,65,충청북도
33,b2d315fe159feec3606ef7cf5b3af76f,서울특별시_49,70,서울특별시
34,a5f4bbe12be208dbdf942828d562981a,경상남도_16,281,경상남도
35,668d83bb4be8cab85c6ebfe396487cd7,경상남도_9,405,경상남도
36,2ef8accf1d6517490babe3c90c9b1514,경상남도_13,1726,경상남도
37,9dabb75aa662234f630d7d20bc8bd805,경상남도_19,235,경상남도
38,e8eb7b255650e4777e43e62de90d83b2,경상남도_38,7,경상남도
39,40efbe45b31ee942a5ef3b52c3aa2eb7,경상남도_4,112,경상남도
40,16f58d1a2e285256fa25c88586fff013,경상남도_79,74,경상남도
41,2f6a8b5ff9dda691598f5e7ba0165fae,경상남도_96,3,경상남도
42,ec3b525c39fc2a6073a855e977e31a59,경상남도_67,107,경상남도
43,d4945f78e59ebca5f365ba6e43b08945,경상남도_37,365,경상남도
44,e2752efbc2458ba1487071c09eefd724,경상남도_102,26,경상남도
45,effcf160cbcc551f6073a498d735b432,경상남도_57,32,경상남도
46,ac19ec7845733a5a3d604f0033c3b2de,경상남도_27,22,경상남도
47,2d4bfc005588a2cab2f18e636568443e,경상남도_105,1,경상남도
48,61d62c59e0c3150cfec3543a9a6e9e9f,경상남도_53,1,경상남도
49,812fdfce8837a0b6576e22763d52929c,대구광역시_5,1328,대구광역시
50,2ec3f7326a04fbc24c3c93d5c099426d,대구광역시_41,188,대구광역시
51,686866bf22425f1832e1d1984eda5fb6,부산광역시_11,1123,부산광역시
52,d008a6de2e45bba27cfa3ee08bfbccb2,부산광역시_105,64,부산광역시
53,9c70ca1b1041ff3fcb1cec104919aed4,경기도_193,54,경기도
54,22ca954b609b612346611dbcd6931679,경기도_85,87,경기도
55,42eadcd1508e77310da876cd148ad762,부산광역시_2,39,부산광역시
56,2f9bd8a4305aae099e6a7f94ce615eab,부산광역시_29,2,부산광역시
57,9112a899e155ce534eb8588000361409,대전광역시_7,731,대전광역시
58,b1088712b2ad11b6d7b2fff2aaa16b11,전라북도_13,1116,전라북도
59,d79bc0e9e574774afea950be84c5d729,전라북도_6,2259,전라북도
60,1e665e094a8ee56723572f94dc3df3c4,전라북도_24,1093,전라북도
61,4ac16abb9f702421c99f979184c71099,전라북도_17,230,전라북도
62,1ac4bd58ee5d5f469f0fea11676797cc,전라북도_22,747,전라북도
63,471b8dd27ab1d0a4becfdcd3112b1d86,전라북도_26,2,전라북도
64,430f0fe3886b4ee65d74b4b03116d3b8,전라북도_27,8,전라북도
65,06c11979837de24f912f932e60219eef,전라북도_37,98,전라북도
66,6a393303360acb727837d9953bbb93ee,전라북도_38,4,전라북도
67,6f7761cb8e018d2b9353558cf11475a6,전라북도_28,2,전라북도
68,ae18e44b98801b60b25f7b708610f57a,전라북도_34,6,전라북도
69,8cf127dcf5220103bdcdd5bcf0cd59af,경기도_71,3732,경기도
70,1e2e233b83aa375c265408c7a532fdd6,경기도_295,520,경기도
71,9a9374e83bc588d41320526971705958,경기도_242,656,경기도
72,9e2d2fe3b5585a8db66c9ff46a4b514d,경기도_247,392,경기도
73,9cc325b59d5e362d9a804ab5560eccae,경기도_169,859,경기도
74,12d35518decd9b7e1deacc24cbcab8c9,경기도_278,107,경기도
75,a513fae754f7a93c0df75d683503daf4,서울특별시_13,1916,서울특별시
76,071ee8ea5925a0f2a7d0a82af0ba5ae1,경기도_173,695,경기도
77,54807ee5d30bebde3102069b95766be2,경기도_225,1335,경기도
78,371ad22606264e2bbf98e3a1aae4bb99,경기도_252,46,경기도
79,c90b272f39697c6edbcc8fc3b44eb7d5,경기도_299,32,경기도
80,c13e426a5813418ccf08b8ded61ba290,경기도_203,1,경기도
81,ad1600d778eeb9fb82f92072baac5873,경기도_121,15,경기도
82,6705af1f73be9d27a6066ee5dd03695d,경기도_255,11,경기도
83,0f904d1e3ec944c76da801fab864f5f5,경기도_231,4,경기도
84,5b6af44ff31aa45a18db18b3322cb022,경기도_226,2174,경기도
85,f4e050997fba293de416abe921edbac7,대구광역시_57,421,대구광역시
86,1e6fd427ee44fd72cf03654bad589f6c,충청북도_21,875,충청북도
87,6ae9f9aa6133080b9abc4deaa4559fb2,충청북도_17,367,충청북도
88,2acf88c1093684b10715436de95d65bc,충청북도_1,5,충청북도
89,470924011e7337833d28a8c8bba49ad5,서울특별시_45,504,서울특별시
90,802938124b1c5a3c352e0a897acee023,인천광역시_52,3023,인천광역시
91,ad20e66f9fae19c04f359528fb967113,강원도_21,346,강원도
92,1a3c4a2cd7e48f6c14c60e290b38af0f,부산광역시_33,1406,부산광역시
93,8562ca3038ef3383d3c328e8e3f90293,서울특별시_117,963,서울특별시
94,988fa13ff4a22d3379f053acb1c0d109,경기도_202,1413,경기도
95,9233b9e62fa04ff050cb092f94399cc6,경기도_164,416,경기도
96,5c5eac04b68d8a9a2afdb760cad6b45d,경기도_103,98,경기도
97,1a7ad675973e822dae34183fb98792eb,경기도_196,1036,경기도
98,2491cc56c7be5483f008e0e267c8e1f7,경기도_292,158,경기도
99,a5b06d8c6bc6f16ccf1d882d4adb5dfa,경기도_54,1,경기도
100,a251a36da50d5574341687f51a9ce628,경상북도_67,111,경상북도
101,a3f63803a2bfca0582c56379725da29e,경기도_67,711,경기도
102,cccdd2c2d17f8412166259c2b2266057,경기도_221,571,경기도
103,49b2fcb711484400cc0383f1d14bbacd,경기도_129,70,경기도
104,ca8ec69ee3ad8551a5d34d43f2d69588,경기도_133,289,경기도
105,5fe07194a7ef5570279a63b8b297b252,경기도_259,36,경기도
106,da696e15cead6cd38373e6ee60ceea3f,경기도_267,60,경기도
107,c5d2d075fbce95c85789a54bb6f0203c,경기도_224,41,경기도
108,b3410d4de8a72c0b97139455e9b2e646,경기도_281,7,경기도
109,ddbc684adedc5d257d02787468c97a23,경기도_286,4,경기도
110,be94bd6f89c1575196e214b2beb82c54,경기도_86,2,경기도
111,3363917ec063dee867f8caf8daa0618d,경기도_124,2,경기도
112,d8d33b6bcddd03ef8b7758654c971af1,경기도_127,1334,경기도
113,0453ed465cc71470bd15e92412772b93,경기도_279,16,경기도
114,ac2aec5fecce163e43efa0ed502da2f4,경기도_92,1160,경기도
115,e1e2425af6d8901d1779e80a13414abd,경기도_291,404,경기도
116,741cbacf9d2815824dcfa788d9ca02a8,충청남도_33,1510,충청남도
117,3af6b1eb7037f5694cbe6e0ac54586b3,충청남도_15,233,충청남도
118,2efa0de9c48d63523a8b0482ce45ed21,충청남도_1,342,충청남도
119,27ce271e2ce74833b06018ec04967d82,충청남도_26,5,충청남도
120,2ff8b3c668b6b9245ca9e761d2b5b6fe,충청남도_32,200,충청남도
121,a20cfc947bc30cee89b216f8fb38bdb8,충청남도_39,50,충청남도
122,d2418fa5e5cf784e0e6c7cf766d052ba,충청남도_36,11,충청남도
123,16217d3f686732b51124d543a63f4de4,충청남도_14,5,충청남도
124,9d536ddac66c28b3e275a28f548f23e9,경상남도_42,1048,경상남도
125,75951c44e1785f1a8b38bbe0ac306a3f,대전광역시_4,2806,대전광역시
126,4489b30456b80a12919b48e939d35fa4,강원도_33,521,강원도
127,ade4450cabf6618574341273b67fda3f,충청남도_10,759,충청남도
128,2fb33ab819ba8a2b32a41ee03b8e36ec,대구광역시_31,2234,대구광역시
129,0db0ec2439ba2246bd9c933b4f92e53c,대구광역시_6,451,대구광역시
130,402532bb06279724c282792cf2d6936a,충청북도_19,524,충청북도
131,59135cc6a2a929ca3d3057ab2b93fa70,부산광역시_36,276,부산광역시
132,838cbd51cc782d41f9105fad773f3e77,서울특별시_83,1977,서울특별시
133,8ee928782b3e9e5adb4fc2d38ef8c581,부산광역시_49,255,부산광역시
134,abfa74d4f92670e401536f504ef7e41a,부산광역시_62,508,부산광역시
135,4d9e72cb00ddffcf6b93d2824df49743,부산광역시_56,1540,부산광역시
136,e821c915022028dfab8875c00cd0ef37,인천광역시_59,89,인천광역시
137,ea7388c5c0bff2e05b7643565a87c904,경상남도_39,398,경상남도
138,c9911c02639cf0ae63dc81df079afafb,경상남도_68,53,경상남도
139,9066e4eaf0847da687522158d39a212d,충청북도_26,349,충청북도
140,16950a6044575c208f9534b0a6f23008,충청북도_24,591,충청북도
141,6962740340b12793323b7315c898081d,충청북도_29,236,충청북도
142,f28b4e20cf5941b2ee5253cd8e3fbd43,충청북도_18,36,충청북도
143,a20dd0ebae24421aa5ebb73e3c010d48,강원도_17,653,강원도
144,8457c6a50658ae82bf6fa47b0e432794,경기도_8,595,경기도
145,daa18e9617dd4f3d3d652da284e84a1b,인천광역시_71,1680,인천광역시
146,31676e5483f0646b21273b1b54f8a824,경기도_218,676,경기도
147,44c138e0010191d94a86386daadfd9ef,부산광역시_26,1954,부산광역시
148,bbaa13fa0ed42447237556cf5607da23,부산광역시_87,46,부산광역시
149,4136041d4d16ffe310617a2f2ea88161,서울특별시_101,349,서울특별시
150,a86654eff42a50c682800155a72f97e7,경상남도_44,341,경상남도
151,06a57681ef917d1c5255eef07ad3c910,경기도_236,508,경기도
152,26f6c4d9e82aee2b5b451aee2821b657,서울특별시_104,727,서울특별시
153,ba3d766fdefb79951c93e716b69057d6,경기도_186,1027,경기도
154,5a967ad71a5e1b3afd5f405b578012f7,서울특별시_122,396,서울특별시
155,169b78b913ffe07978845e5914d02635,서울특별시_24,702,서울특별시
156,911e75873bdbfb846767aca8f59eefb0,경상북도_44,56,경상북도
157,eb539635c5f4776ce9b98808510a7218,경상북도_33,206,경상북도
158,3e4230ca2efd762ebc352ec3c0c3bd35,경상북도_54,151,경상북도
159,47689c95927eff127065739b4e821cba,경상북도_58,19,경상북도
160,fd5e7e47851b1351d1cc94778ee5d816,경상북도_80,10,경상북도
161,513cc33891f90aae9ceee7e2f4a969fd,제주특별자치도_0,327,제주특별자치도
162,d512b094429c46d3767066548496d8f4,제주특별자치도_10,157,제주특별자치도
163,4592b45f350a5c48c79213e80d65f2bb,부산광역시_42,909,부산광역시
164,a6891bd8adffe3c6f223336175c6c663,경기도_246,1175,경기도
165,414e3911782882f3ca1917d369cc9846,서울특별시_98,1788,서울특별시
166,6625e22b5ad37c4d4eda3e173b44bf86,서울특별시_33,1420,서울특별시
167,d2852b4e24424c0c747d5c416ac75031,인천광역시_75,1387,인천광역시
168,b1cc476baf8058981d40e31994c00a11,인천광역시_66,1204,인천광역시
169,035370924630773e7a7ecb7e8ef425fb,경기도_241,3159,경기도
170,b1d58c7d42f616835b21f02bf94c2091,경기도_9,56,경기도
171,3febe2072ac79b170145903144fe5014,경기도_174,2714,경기도
172,7fb78048e914e4e869c3873db1214ea5,경기도_0,375,경기도
173,4b0dbff06a7b7be9275755281c0af83c,경기도_243,305,경기도
174,56d67e04a35a2abb2cb0396fa9eddb87,경기도_327,22,경기도
175,d48eda5f6a62ab94097d858187359aad,경기도_157,19,경기도
176,45a0d54752a021bb34456f6476c99cdc,광주광역시_9,4015,광주광역시
177,07e736ec40fab02c724626ddd0b5445b,대구광역시_19,934,대구광역시
178,f5a26665e9d1d9fdd4fe6f486b94597c,대구광역시_40,1750,대구광역시
179,a28205b90db5b35be2876ee3a6a26fc7,대구광역시_8,443,대구광역시
180,510cd27307d827bd61d42d1dd4dfe947,경기도_244,1797,경기도
181,87fdb64053da62a3e37b315eec97808d,경상북도_76,158,경상북도
182,5a95f83297d7e00c55a89c8a983fca0c,경기도_123,760,경기도
183,9639eb01098976f1009aa6a0026f967e,경기도_204,1054,경기도
184,519974660715c022fd8a1ee32e4331b4,경기도_13,921,경기도
185,0abd03e1be6c3c11813f4852615a9eb7,대전광역시_13,1365,대전광역시
186,1992a06eb4064a313164d1e740f5bb95,대전광역시_15,4699,대전광역시
187,dcf40777017d21ca8687db7b8cc893ea,경기도_245,847,경기도
188,17f267706bcce7bfe2f52d9bde3d24e6,세종특별자치시_2,1006,세종특별자치시
189,f87d16bd7bcbb2d8ea5b555346b773b9,충청남도_7,234,충청남도
190,e1a9b99c0fdd1a56f94529db2ee040ee,경기도_187,103,경기도
191,2dd8c112d290ad96b39cbf1d9b115d6a,경기도_120,1299,경기도
192,31d613e19f7ad9255c734f63a9838277,경기도_322,40,경기도
193,1e10112ce4f6df30952182fb378fa81d,강원도_24,230,강원도
194,d082449286c471971c02c79056e1c817,경상남도_17,1073,경상남도
195,63c2269bc624e6ff14d415c037e8e16d,대전광역시_9,1657,대전광역시
196,88db2a9cb1da688c571d8d9dd391fbb2,부산광역시_24,805,부산광역시
197,a5743e03116c9e406bd906f7f6703bbb,경기도_311,310,경기도
198,5fb276bf1f854b8f75b997342d2ad776,전라북도_25,989,전라북도
199,ad6c0c9b558cc0a38e2c0e3565bb2108,전라북도_4,203,전라북도
200,e709f96858aefcb57106e23e5923de58,전라북도_14,1703,전라북도
201,a876afd6e9012c373dc96d2c1eb99f90,전라북도_2,1165,전라북도
202,f50fc6cca5b66a313f80886dbc5873c9,전라북도_21,212,전라북도
203,2707b9658b64883b683cbdb77a40467a,전라북도_12,747,전라북도
204,09aa9d7bc2a58a83a7319fe968a768dd,전라북도_1,36,전라북도
205,fbc7b823f1190680ec4a2d0dae61fa81,전라북도_29,35,전라북도
206,612aa1864941e6bee2f35e8e64b45b1f,전라북도_32,1,전라북도
207,5cfd3c7763b938461858ab8b0697befb,전라북도_36,1,전라북도
208,ae114a179979a7558e14d97e405e0e64,경상북도_52,43,경상북도
209,0f7c8af3dc084d41764a90c8bcc261f3,경상북도_59,6,경상북도
210,bb47f70fbfc946fa7d04b204247020e7,경상북도_7,2199,경상북도
211,63e30d2c68188fc4649ceedbd9d9317b,경상북도_5,1163,경상북도
212,1f5ce8055dcaa33bc57b2e548de5c1c6,경상북도_12,599,경상북도
213,1cda92a1692300a7018107298e2f6103,경상북도_38,262,경상북도
214,524c291ddd9efd56509d752587674421,경상북도_63,101,경상북도
215,d36e4bc59349f8f3bc3c55ba7080e019,경상북도_8,758,경상북도
216,92ad3d533eedc9b217f92bb7b2570103,경상북도_34,25,경상북도
217,88d5b6eaab24c8ea55ddc0b38f8186c1,경상북도_28,8,경상북도
218,f00081e0b74d469035b63d9ee506605f,경상북도_46,1,경상북도
219,7e595998afe5a1ce2502c9f0e9f3c5f0,경기도_137,1438,경기도
220,666bdddbf20b64acc110ff8f245ee467,전라남도_35,243,전라남도
221,910cb87be196b2640d6fc44fe71edf76,서울특별시_6,1991,서울특별시
222,80b55292449262a62b19ae6a2f61fcfe,서울특별시_107,105,서울특별시
223,82a3ae025ed7e54e522ca04e3b988ec3,경상남도_36,1503,경상남도
224,b0cc949dc7a1840d062b699b2d75ecef,경상남도_71,29,경상남도
225,317b59cfa206a293cc1612e235f911ca,서울특별시_118,1554,서울특별시
226,0fd404f73f94f1716e0a3eab9e8f8435,서울특별시_67,567,서울특별시
227,4f0a5e87489b000dad4454abc72a1dcf,대전광역시_17,596,대전광역시
228,794cf9e2dd05d130187c1ea565dddb49,전라북도_23,243,전라북도
229,ba08ae5ad2295a14f61adc9ff060404e,전라북도_31,45,전라북도
230,fbcedb823b1f85b5e6a504dcc801210d,전라북도_16,945,전라북도
231,86ba848d6b8305ae8e0ddddea90d8453,부산광역시_57,1799,부산광역시
232,18b3aec7e65165d5ddf8dab237bb2511,경상북도_32,282,경상북도
233,bb6a02da9253f463cbbdecf49352246a,대전광역시_0,51,대전광역시
234,e0861781db82925d94e82ea67687b03e,대전광역시_2,44,대전광역시
235,74ebb855999f4a4acf6f4138353e8789,서울특별시_14,230,서울특별시
236,96d16a264c941a5959dfd984e779d39c,경기도_15,193,경기도
237,ce10c22006e4b081b5a011593a61f335,경기도_24,418,경기도
238,61e4fe0e48993a4b8f6188105ffe81bc,경기도_93,38,경기도
239,c20707742634a0bd4cbee202d84c191f,경기도_62,7,경기도
240,211f660c260b10a14aef30cba01e3a77,인천광역시_23,1,인천광역시
241,5e08b340d3f91766d51d6da6646b4973,인천광역시_35,10,인천광역시
242,6f3c4cb972f7703d61f43ab6f08560b2,경기도_7,82,경기도
243,198aa246cb892401f8975af2dd8b4550,경기도_28,1191,경기도
244,739fbcda6585d56b27443a67ff05f8c6,경기도_320,154,경기도
245,6b428dbead6692a9ff00c5bf5f733c2d,경기도_175,1020,경기도
246,423c2d44139bd861627ee30eb86129ee,충청북도_0,551,충청북도
247,ef5ff888f824dc83768310fb1da4b11c,경기도_25,36,경기도
248,871fe8c038a14e349318ea71d2375c14,nan_0,69,nan
249,f87010f9e1357101908204837a9f05fd,경상남도_0,180,경상남도
250,031f6479e496957d9c48f1c563c66f7c,경상남도_21,599,경상남도
251,9fb77ddff7d00f98645bade4af4b4b7f,경상남도_56,88,경상남도
252,76c44300035fca985096e5678b526da2,경상남도_33,46,경상남도
253,7c94cbce179a610a607957a8219afe03,경상남도_3,22,경상남도
254,e464ad588b4803dac40621fbd6232653,경상남도_90,37,경상남도
255,4aa292c8403522dc0892ebe99b5c7a24,경상남도_100,6,경상남도
256,fdf03abd6b6550637798e7ec9cb527fe,경상남도_1,134,경상남도
257,4d9eb479cb4f5b69f7b04fab32e14a65,경상남도_30,20,경상남도
258,639c7e5f0c7c9d5ec85edbd2f55efc26,경상남도_60,10,경상남도
259,c6516eccf643977b1abde5d5ca69f6f7,부산광역시_1,35,부산광역시
260,40353c5ac69477e1beb8b51f5511d4f9,부산광역시_8,11,부산광역시
261,e2fe01c90d0ed5b4c81f8515fc6e4f82,인천광역시_19,447,인천광역시
262,29ec716912dd38fe7e7a6ae6eba6ee96,경기도_79,4,경기도
263,7581826651df5eed394b8a2c9a0d6107,경기도_84,74,경기도
264,b317eaad05ea2292a2aef8343b0ea559,경기도_26,44,경기도
265,7901984061329780d87c9cca2e548201,경기도_205,1,경기도
266,9fca17ae807fe63a9f6fd3152fbcd5ed,서울특별시_47,390,서울특별시
267,550a292b4f6fb7842dca5bc1e2586c47,서울특별시_37,5,서울특별시
268,7bcd73fa6015b76b05b49bb48b04c902,부산광역시_9,108,부산광역시
269,cf1c4cbee24e4d34834f040ecba0ffd5,전라남도_7,11,전라남도
270,b265472b46c1616f7b61f081b2eaf360,경기도_89,103,경기도
271,3f3417df33a07106d971bd8104287de8,경기도_191,4,경기도
272,29635a1a57fabfff76c277f887e4616f,경기도_198,6,경기도
273,1c8f9a1aafa4ee921f8847ab0dee3e41,인천광역시_5,194,인천광역시
274,b8e445735195092f3ac682d85150aae0,대전광역시_3,88,대전광역시
275,49394b435c348b68497679bd1f1a1125,경기도_60,18,경기도
276,e00d1ac4d81cd38dfc72eab01f4468cf,서울특별시_25,212,서울특별시
277,f07cb096345d3f26ee74a8ef8e7c5cbe,부산광역시_6,45,부산광역시
278,d9a52c09f048b58f9dbaf453ae74a079,서울특별시_76,24,서울특별시
279,db7319a7c40b160b19776fe5fb16becb,경기도_135,94,경기도
280,f9d98c60aa74e7ee03d5543465fbdace,인천광역시_49,1379,인천광역시
281,87552fff2ccab3f55ec4d05f20de691d,경기도_111,373,경기도
282,99fa573ec09fd0144559eacf68a1dca1,경기도_220,121,경기도
283,557624418b992304b563d76aa0515730,경기도_214,113,경기도
284,0192910a292caae6e715adbc51f7d83f,경상남도_14,77,경상남도
285,90acd6a8df26392dc5c20c472a55e12e,경상남도_20,3,경상남도
286,cb5adcd3cb0450bbe9b5e5c56ef6bb63,서울특별시_64,81,서울특별시
287,3a7ea677653beae2b625abf7a169db1e,경기도_148,31,경기도
288,b476913f5d0e38d6c5c1023679f2f0f2,인천광역시_50,60,인천광역시
289,1b8770060f360decc5b6910cc70642b0,경상북도_24,22,경상북도
290,f529d9c00e07a40a40fcd47721bc93ea,경상북도_25,1358,경상북도
291,5c16fa1cd32ae616af5d7ee3f95c236d,부산광역시_3,880,부산광역시
292,d0354a91aec86080accce028a68d0b53,충청북도_14,353,충청북도
293,a78d61802c2b1b1bdf51386e105d48ae,충청북도_8,291,충청북도
294,ec099a154fb9d3b7a7b4cea4d3dea0c2,충청북도_22,265,충청북도
295,1c4181faa3aaacacd278f5b78b9915b7,충청북도_33,13,충청북도
296,f9ca0e38239826941928f483be924b42,전라남도_1,1755,전라남도
297,e006e91174d5d18a602a3dd9f449de13,전라남도_6,1267,전라남도
298,f237f83f604827921698a2df4987d682,경기도_152,1697,경기도
299,1d75cecf4839fe56479a4b784df01480,서울특별시_5,240,서울특별시
300,d00c6dfe2ca692d167924c81d4e487cf,대전광역시_10,102,대전광역시
301,2c66a5c6ad4cc78e6b3221454d676329,서울특별시_81,354,서울특별시
302,3c2d055e2380e3d800a84918b4f9820b,경기도_107,535,경기도
303,c2a1081e336d954bfe5337b691ebbf66,경기도_201,622,경기도
304,7640854020a7260a6393f40c7df1982f,경기도_301,769,경기도
305,6893e8705b39113681504a33c930fd33,경기도_143,256,경기도
306,f5a83e7b33c4ed508bc64d4a68e65cff,경기도_237,359,경기도
307,c1f877035f69663f7cd608fad054ff98,경기도_72,184,경기도
308,500170e12b8a3aeac5155a17ea62072f,경기도_95,17,경기도
309,146bd12bc8e411d3608c440f718b8c88,경기도_296,110,경기도
310,602e7722acea1e16c10f31f1c25b6c45,경기도_125,810,경기도
311,bffd93e58e3c5bb0a014a20d67b14221,경기도_321,1,경기도
312,aee2d75c8689d0a783809f35d9b62cf3,경기도_199,5,경기도
313,e7ebf60bafbee317111f279a9b3aa7cd,경상남도_26,353,경상남도
314,8c66359e33dd27c7faeb1722c8704199,경기도_104,110,경기도
315,768db1ef2ccdd79d130c550b2a2bfc55,울산광역시_4,198,울산광역시
316,a8d76f38957a13bc1389c541cd700698,강원도_3,35,강원도
317,9c4099b706d784b1488c95cbcb607aa8,서울특별시_4,496,서울특별시
318,d0925582a14dd937a199b0e516c7e80c,부산광역시_4,1805,부산광역시
319,f86a8039761d5df2bb7c6ef526703ff0,대구광역시_24,2117,대구광역시
320,4520c72319bff204692da0e2150be64c,부산광역시_7,52,부산광역시
321,be8d37bd33d5f6ab8f897e39d5e7ce8e,경기도_138,29,경기도
322,9dd65104f04ec5f9776459202c6a1096,경기도_73,47,경기도
323,a57c1394b4d0854bd4bc3bab496d3a36,경기도_151,2120,경기도
324,c41081f9f3dbdc224d92ca6016a80e0e,충청남도_28,284,충청남도
325,710f140794648dcf8d94fe8f21877818,서울특별시_26,452,서울특별시
326,87919a3443bf560b197007f93174945c,경상남도_2,595,경상남도
327,9d7eec1d45c3df766355dda12a6887db,경상남도_25,490,경상남도
328,cdabc25066fd28e7c7abb7bd9044d66a,경상남도_80,12,경상남도
329,b0ab2ba2056d8c1270cba5497151d4f3,경상남도_87,8,경상남도
330,0ebf0381cdc126bde4740998501ea8c0,경상남도_103,7,경상남도
331,6d754add36ade8cc0400494787c5cfba,서울특별시_80,8,서울특별시
332,8b7c8781ee0e3745afc30dc29286c3a0,인천광역시_8,121,인천광역시
333,461fa55291e22de831a424f6877b5a94,광주광역시_13,271,광주광역시
334,53813806d052950f7838d65a1c810dee,광주광역시_18,1724,광주광역시
335,b3f91c8c5d7c22af591e950563540aa8,부산광역시_31,944,부산광역시
336,7fdadea92a651c4f5115cd19fedabf8f,인천광역시_27,213,인천광역시
337,12994d340bc7e7ce05ac31608f54cbb7,인천광역시_51,4,인천광역시
338,7850593f0c48d2345cc1dd3b591b740c,전라북도_11,156,전라북도
339,ad01d8419404d8b3cc3ea528f1309f91,경기도_30,619,경기도
340,179f1fc367ba9f09e4a2fe838dc1587a,경기도_117,145,경기도
341,699f6c40288316236f990747f10e6e49,경상북도_23,25,경상북도
342,a52e8d15bb61777215d50e98019e8bb2,경기도_94,25,경기도
343,481e412aeeabd87803f8ef65775d6981,경기도_90,49,경기도
344,afd4390f0443216b0bb495605451e947,경기도_12,68,경기도
345,b249e44ab3250cec9c01dc87f37aac38,경기도_1,156,경기도
346,5ad99da8a2a5fe8fa2481fcc19795916,경기도_99,3,경기도
347,90477e1162bc3406e71be1aadcdd2325,경상북도_0,69,경상북도
348,318001442fa7217d7873651e8d3f9d50,경상북도_45,2,경상북도
349,cd93d14cb337764191f756ba48854318,경기도_168,1464,경기도
350,bcb8329a4c125a0776f2e04613453980,경기도_110,73,경기도
351,c5432cf824d8a25f7a09e148e634f06a,경기도_166,1168,경기도
352,dbca280a2a559ae14bd1490d6195f112,경기도_239,126,경기도
353,2ddd12d6a73d89ca976ed7dd0ea94039,서울특별시_38,1194,서울특별시
354,6ea4cc27cad375f6732fb1456933303c,대구광역시_21,1426,대구광역시
355,345bf87ef033af85316d4483c8c72e62,경상남도_41,318,경상남도
356,ef0daa6325282504d273bc32eb880a66,인천광역시_29,119,인천광역시
357,74eaa809717acd27a621782270907b6a,인천광역시_40,42,인천광역시
358,df3051bea1c3bfc79d3e9c97465a23cf,경기도_83,116,경기도
359,a3b1735b853dfca3de047709a8d942e8,경기도_77,5,경기도
360,8aa19dbe05fdc55b36c724e258c8ce57,경기도_118,368,경기도
361,9290ad2765ed69d436eaf1ad768155a1,인천광역시_26,297,인천광역시
362,45846b5cf630e34377435e9aec1379bd,인천광역시_73,122,인천광역시
363,1d40347286b65d5d2900df93d7159753,인천광역시_79,11,인천광역시
364,558c387467a051828945119f04c44b0b,서울특별시_2,186,서울특별시
365,dd87f3c295bd7aa41eaaa9496da2365b,전라북도_3,223,전라북도
366,253af12288df59fcf7404325968fa52c,부산광역시_51,10,부산광역시
367,0b7fa3e566958681be8d67da8af8c68d,인천광역시_54,575,인천광역시
368,45adb5a0b61ec807013f2e49faa5c010,서울특별시_79,468,서울특별시
369,6ff83199f39afdf184e5d13b41d0177b,서울특별시_61,432,서울특별시
370,a7a8b2584ca9b149968039bdbefdea62,인천광역시_11,166,인천광역시
371,f338100af12e3c0720f6452a24d0414b,경기도_68,197,경기도
372,4fcdab790f39c5c35f3096b353218a28,경기도_208,3,경기도
373,715161d80576c714f0b6775809141298,광주광역시_17,1729,광주광역시
374,04bf7e5c9311f87aa511ad4685aca54a,대구광역시_15,304,대구광역시
375,2011ed76f766331aaccefacc2e1b1bb3,대구광역시_12,1397,대구광역시
376,d0a09680e139fe4dc551181577be805b,부산광역시_5,95,부산광역시
377,e1b3426e48ab039df1464663c5d1e181,광주광역시_12,114,광주광역시
378,45148b4dad41c49df86eb4e2967ebcfe,대구광역시_23,1087,대구광역시
379,657c9b2b147403bfd2ac9c57db68ea9b,대구광역시_60,6,대구광역시
380,a7a091d3641f27ce80bdb0c5708b59ef,대구광역시_3,1301,대구광역시
381,0efc7a874ce8f03d942af55421e7e2fe,강원도_18,33,강원도
382,7175745b038fa0f2767aa0f630a1e6ff,전라남도_18,136,전라남도
383,be75228c7c4ede0b7319d7b0f2d5774e,대전광역시_20,52,대전광역시
384,91ce6c6513d7687b6bf318ee7d9b1825,광주광역시_0,3223,광주광역시
385,1b0e636365a32ba7ab6b388bc0ba1a8e,인천광역시_34,1497,인천광역시
386,5f5a16046a8a157e1afb4637bd27e89b,경상남도_32,1512,경상남도
387,e97d9aa6071db841249e9afa6e37ef8d,부산광역시_40,516,부산광역시
388,15683abddbb3c3f5199a09eb42d4c48e,경기도_47,76,경기도
389,684e2165feace1a8db5964b78493f333,경기도_14,546,경기도
390,0c7cb8c97470069c2208d912070c60a3,경기도_59,1230,경기도
391,ddc31f7336f8b3e0d69c1c7dfab49fb5,경기도_149,4,경기도
392,2fe978dcd93a75f5602ccc7539eba846,경기도_275,44,경기도
393,8452d7035c95ca1f06a27d0b0980129c,경기도_227,71,경기도
394,e48a47cf8450500da007cf4ccbad1695,대전광역시_6,121,대전광역시
395,aadfc2d1e30198a06c732858ddea91c6,경상남도_18,630,경상남도
396,86ce0c0b0c95bf2b05b14ed528e16495,대구광역시_27,711,대구광역시
397,e16614e0b63f6c32a4cd39c9047a6ce8,대구광역시_0,784,대구광역시
398,43f96563e967baf731f2e32b22d6dbdf,경기도_53,250,경기도
399,73e5ee67d0e05e6e7b9c415d465c83b1,서울특별시_22,1022,서울특별시
400,b9290d4a321e1d012e379c1c3f989a0e,서울특별시_31,415,서울특별시
401,fd96b4c9b326c7107d3f2f22b7a43bd9,경상북도_3,3459,경상북도
402,46d026058e7bd48032dd256d7449222d,울산광역시_0,1780,울산광역시
403,017119dd63620494c9ad22076c75d54c,대구광역시_1,697,대구광역시
404,519bc458e4ca5b463b3d9a2314696df7,경상북도_18,887,경상북도
405,c3f1acf5cfff66fe688c9dbd431ebd8a,경기도_52,55,경기도
406,397703885f757dca7de77bfea3f409af,강원도_9,72,강원도
407,9fe1dafbdb75060c3b3a54e930df001c,nan_7,47,nan
408,68071f87d7c614896281b55f276f7d0d,nan_2,72,nan
409,c32449c8e90d72347417eee375185a16,nan_5,11,nan
410,626b41f729bcc82ffd2df3a172c53787,nan_6,9,nan
411,dbfa90f4b1ca3d81f564ef442a6f4156,nan_3,3,nan
412,94ee70074484bf0cb951138a54edfc5c,경상북도_15,345,경상북도
413,734e71fd0059ac28be0fb5861b0e042b,경상북도_42,217,경상북도
414,1637a4ca39e63fb00973f06ffa2ab003,부산광역시_21,128,부산광역시
415,e74a7569d11af5136d26b7d4068340c9,서울특별시_68,481,서울특별시
416,f8798ae2fd4b45eea49eb1f80822d82a,부산광역시_53,3,부산광역시
417,010ab20bebdd75cc7e84813ee4f98371,부산광역시_34,28,부산광역시
418,180e79f285081c30dd726311f7e8e0f6,서울특별시_43,608,서울특별시
419,455500fc6514bc198de02af231c4520a,부산광역시_19,6,부산광역시
420,85628ca102d60eb44397f93dac42b4df,경상북도_49,1,경상북도
421,8938a4698be6eb8f0d24545d040c4d23,서울특별시_59,21,서울특별시
422,f139bb0d7ac4dff783637ac0b5b8ebbb,대구광역시_7,887,대구광역시
423,681c86cd9ee41ceb68b74c16773af0b5,경기도_172,21,경기도
424,f6b45763d2acb542af2ea929e48d6120,대구광역시_4,33,대구광역시
425,f177412a58d8eddd4c2e918673766601,부산광역시_22,1801,부산광역시
426,0c58f1fc0bb20e6dcefc1d7159799a7a,부산광역시_55,365,부산광역시
427,4e96473038a2decfd4e61e9078dea830,전라북도_9,256,전라북도
428,012ab097e97e103b1e6f8c196da7a875,서울특별시_39,809,서울특별시
429,2bc7612ba95c1a013e4099483644429b,서울특별시_152,82,서울특별시
430,d623247dbb3ddf81ebcfac04becbdd0b,인천광역시_41,72,인천광역시
431,b90ada54647b4949c80f4f31b8285cc7,인천광역시_53,1,인천광역시
432,34ff3b9e4004aacaecbf8aa1f5b1ca51,충청남도_29,15,충청남도
433,2352c2e775957f20f5c2f03cd8db1f55,대구광역시_18,1285,대구광역시
434,977bf6e633bc252a487a8474d9c97bbb,경기도_119,16,경기도
435,6e484691e98ccc10a89c3e121f557782,광주광역시_24,19,광주광역시
436,5b559a9f19cc24e06c6c9a7f69db2387,울산광역시_13,74,울산광역시
437,287b33978bda40ad8e7aee9adf445f99,경상남도_22,790,경상남도
438,adb37f7d6c291c1fac89f9af0defb0a9,경상북도_1,76,경상북도
439,6ff8ad204e8fdf3c7d986350ee6b6d6f,대전광역시_5,266,대전광역시
440,e4342921912d4dc338c1d0d2515ee300,강원도_7,26,강원도
441,82c7ffc6c1db0c9de2d572c5787684e2,경상북도_37,372,경상북도
442,c39bdd323d685fb829631f854a9bba28,경상북도_6,469,경상북도
443,c0e10c619370a94e1926e3bf7704208c,대구광역시_49,413,대구광역시
444,b7099d1f6e913e37a55750d57fced326,부산광역시_59,344,부산광역시
445,526c7b3bc3ecbbb62adc0c5e481520a4,광주광역시_10,478,광주광역시
446,4c2fcd09e89f6d15069c4a05f6c5d886,광주광역시_34,9,광주광역시
447,d9e7a6aa48bbbf81cf0ec745436ecd30,대전광역시_23,792,대전광역시
448,9ee223ff03950ba2e9d77954107b5480,경기도_190,1149,경기도
449,65032992da070e66d5e8bd46ea5298d3,경기도_23,41,경기도
450,6daecef752c5bc743aee908fb9a75428,경기도_115,23,경기도
451,d2f23c04244300e2f31e3b2d9aa2d13a,경기도_58,30,경기도
452,460c01c006892a34767077557efa73eb,제주특별자치도_4,64,제주특별자치도
453,ae3a52bb9d6ecd16772905d1ccaff169,부산광역시_37,1997,부산광역시
454,5de42397b68ed43397746de0d89d4ca9,부산광역시_64,481,부산광역시
455,034d1dbec6baa4c9ebb89f89b1418649,경기도_114,944,경기도
456,22cf72dbc3e3ddacb792e65487c1bf86,서울특별시_66,203,서울특별시
457,b8126b21443a2d5e3858aadeba78a7ef,광주광역시_20,200,광주광역시
458,09efed4a144498896ded3a25c3b2ea7c,울산광역시_8,388,울산광역시
459,53cb66ae3d6b678bc6a922aaeb7e6a1b,경기도_215,1420,경기도
460,46e2aff4153534bc37dea156ab79646d,경기도_261,264,경기도
461,6c8c1a7fb9e2bba31640762ea7f3f8ea,경기도_122,937,경기도
462,400fee0d4406e76eea6d5677edefe56f,경기도_300,546,경기도
463,cb792a809a76c2799ca95547ed3bacce,경기도_207,614,경기도
464,3c52ee815c1ec3e1f125af27fa1bbea6,경기도_132,97,경기도
465,d71ab7c93de841bacb5c3b5759063a14,경기도_185,9,경기도
466,538485f761fbc120edd5bf4aa1997b7b,경기도_192,6,경기도
467,43bed24222d9fd7beb84b0c24e067f12,대구광역시_59,316,대구광역시
468,cc6904bb2dbd56356b7a1899b46c2fff,전라남도_16,231,전라남도
469,47384f52ac96eee86ac301d9ffa98aa5,전라남도_20,112,전라남도
470,270cfef1e35daf3efbf920e5e03b75e1,전라남도_19,3,전라남도
471,9da2e4c04b79d77f361553b04a091e23,충청남도_34,862,충청남도
472,522195cbfa4be162729dc357bd1cb386,충청남도_21,914,충청남도
473,1c65dffea1e944dcea1ffcb1f591f301,충청남도_18,5,충청남도
474,1d6d8bca6882f6ec0591c1da87113928,충청남도_31,19,충청남도
475,6ceae0e73d91c27518582139619c1844,전라남도_13,248,전라남도
476,f8ed56ec586d33b525bdaeb62750137f,강원도_34,366,강원도
477,5c26e88fba7a8ff3be85ce0897671244,충청남도_11,298,충청남도
478,730a24f76cb9b3fff977ea0ffa3ca865,부산광역시_69,891,부산광역시
479,084cccf7696548114550c15a8a523e77,울산광역시_7,1292,울산광역시
480,69b045312e6a7ba95d3db545e9681e48,경상남도_45,664,경상남도
481,259451cb86939f83a15ce6aa7d5fb150,서울특별시_141,413,서울특별시
482,288649f955e8001636a5ec7a2ccf8f1d,경기도_294,28,경기도
483,cb9cd66ba7f5fc870352f07ee4bf59ee,경기도_216,422,경기도
484,3147eae799d768facb7f38a8c4924c20,경기도_238,1350,경기도
485,c80867dc730d426ce03065e9f8e0b3cd,경기도_189,564,경기도
486,9f993cdf9978f82697162c605b3c73f6,경기도_264,1089,경기도
487,ca65d394cbbe173d80b04e49811cfcf1,경기도_324,29,경기도
488,9350d99198676f7def676af955ad5fd0,경기도_142,1460,경기도
489,7b0f9bb47243eaee86088fc74ef7d505,경기도_232,126,경기도
490,349eac7646ea48469a72d2d80ed01c36,경기도_64,78,경기도
491,58785463e8a6a59d1f55473d69fd9f8d,경기도_22,167,경기도
492,9143d451f70cc69da226f3fc152bd279,경기도_41,276,경기도
493,faf6556521007e1f71509689bb426b1e,경기도_44,1257,경기도
494,e7fc91d3242a05cc61581166e963565a,경기도_100,2,경기도
495,cf53af4dc146c63d738d35f01f9f0c1c,충청북도_23,547,충청북도
496,e684a2bda766df78fd3faa66f32b3c00,광주광역시_27,1127,광주광역시
497,d4249fac969ad9173b0ad54125162aae,전라북도_15,294,전라북도
498,f84c84a2661489477d7e15df8981775d,대구광역시_14,2729,대구광역시
499,d9a6be7b65fb97252dae4a01d3034e63,서울특별시_87,626,서울특별시
500,30a8d3995ad43e533662981c53aa6bdb,경기도_167,538,경기도
501,9c38b7e2a496d0262c1af3038f382eae,강원도_19,313,강원도
502,caf8fe01748f3590922efb7dceebfa8d,충청남도_12,624,충청남도
503,0da6569f3c2c991d90667652ef942ddd,경기도_217,917,경기도
504,a9abe3dec687616780e7a1bf28f961c9,서울특별시_69,1025,서울특별시
505,6deef0b5f1d3ec43328149ff73f6f677,서울특별시_78,683,서울특별시
506,441b1112364f3e0dafb918813e36b26d,경상남도_58,525,경상남도
507,706647315c8db99cb63189515ea60f42,서울특별시_72,1184,서울특별시
508,6b2eeb9efcb2b4cbbf8891b921cf5f7b,전라남도_9,319,전라남도
509,d27d09636115001999f1a15728e8355d,강원도_41,11,강원도
510,3cb7d03de3a232c461abd4113bea04ff,경기도_91,1242,경기도
511,f3370512c1339b76aeef7abf493b3a58,서울특별시_106,614,서울특별시
512,9d288bdefd473e44d1efdb6292a7c54f,충청북도_25,419,충청북도
513,e19da733f8ee23b016a85ceb0b4e1f60,인천광역시_63,979,인천광역시
514,2e3a3c34b989eb14dc13356dead89745,울산광역시_15,1636,울산광역시
515,029f90bd4fbf219f2954d82f98ba91bd,경상남도_24,413,경상남도
516,4ddc4566099c794ac702c6c0fb5d74fb,경상남도_15,210,경상남도
517,e3b250de8ee848bde098114cc8b4e2bb,강원도_36,351,강원도
518,5fdfc80ac2c1e13722371dd73fd5e834,경기도_80,692,경기도
519,a689f5ebd3b5539b727e4bca0a8ada68,서울특별시_149,321,서울특별시
520,46d8ba07b740c8d2ed988d1d203986ce,경기도_306,242,경기도
521,b2dfea0f878cf98908ce3335f3d4d4de,경기도_272,40,경기도
522,922e06c556d84ced4356d66f00caceb5,경기도_206,1639,경기도
523,d78a5850615766fcb7228e83d7c7e579,경기도_256,1595,경기도
524,e1ecb8d4902fef4a1b4a8bf5815fef7e,경기도_134,13,경기도
525,e6c7e13768aecbd70551ec8c9e1a5b18,경기도_3,1759,경기도
526,eaed5bdfc680de9ebcdcbc1a8bb2b5dc,충청북도_9,489,충청북도
527,2f2d7a07b70d11d83f155b3941c63c15,부산광역시_60,890,부산광역시
528,8bd9bdc335ef314235a82060984fa576,대구광역시_16,1016,대구광역시
529,9ca1206ab174f411feebaf0415f4a07d,서울특별시_150,78,서울특별시
530,1f6059e511363f86f78b091149e73b98,전라북도_40,80,전라북도
531,4381f22715eae6e2284f0971eeaa05d0,인천광역시_25,1422,인천광역시
532,fabc948ab345d29548497f7f6b6fb7bf,서울특별시_32,1784,서울특별시
533,c1138e6c8fbdb4dd2ecff2a1c05a725d,강원도_42,117,강원도
534,866605fea1c8b38c472ee585f29f5147,서울특별시_77,1845,서울특별시
535,088d0f9eaa7be7392563096c0881c819,광주광역시_35,37,광주광역시
536,914b2b12f65faee5a9dae947be93594e,서울특별시_124,1178,서울특별시
537,dfccf7643d8d132090e595894d01a01a,제주특별자치도_14,87,제주특별자치도
538,6f6cc914380ec7f30250eee7b6a17216,제주특별자치도_13,81,제주특별자치도
539,f7cdb491d942d5815ff379802a35a489,경기도_177,1336,경기도
540,dbfd246f04f84e4ec205244425744457,경기도_276,130,경기도
541,016a4757060a97e81f5497be33326134,경기도_310,272,경기도
542,9824c4b95978d6dcf175b5d6b7492611,경기도_155,346,경기도
543,86a99b3bb5b80a1a980d6fff46d75f97,전라북도_39,318,전라북도
544,2d2bfd5d3c59aa2d0dcd1ea32edef0f8,대구광역시_36,135,대구광역시
545,7f0d5fb4e0c4e56c39c0b3d3225ae68c,광주광역시_36,30,광주광역시
546,48eb72bb4b5aae6911b74dae8e2e74ff,서울특별시_108,465,서울특별시
547,6211ce20b9caf889e2aa8d089c3d7888,경상남도_29,149,경상남도
548,80999035e1aac47adb6b4fe6c7dc251c,경상남도_84,1153,경상남도
549,cb5b765702af85f0cb67c2a3bc0030e4,경상남도_48,667,경상남도
550,77991edc34c00683092735ec803ba0d7,경상남도_61,26,경상남도
551,d256f24bd11c85b371459d4a860723ea,경상남도_70,69,경상남도
552,b9c6429d5371d08e5f49018a3fa4523f,경상남도_66,122,경상남도
553,a869408c5da070827ae06c8a76366894,경상남도_11,6,경상남도
554,92ba93daecdb1382d6fc56e82c1ee52f,경상남도_8,18,경상남도
555,28f5f9c493725604c7126092abe641b3,경상남도_50,12,경상남도
556,74b96130f1b999e11e6afb3a7fac01ef,경기도_183,471,경기도
557,07c29767df8699fc1b225e2c4fba96eb,경기도_305,77,경기도
558,200c5804cb1cea1de1f6224aaf553113,경상남도_49,1236,경상남도
559,617a11505931f10bdd3cd3bfd306a0d0,경상남도_47,34,경상남도
560,9b501e4470da17d6ef8030fcde4c3413,대구광역시_68,125,대구광역시
561,e4b51dd4dd5f7fc3048fc4f713f6ec97,인천광역시_70,2104,인천광역시
562,10e9f235338dafa5b1dd7086a2f3d423,경상남도_101,177,경상남도
563,20f5ff757fd0da5abda65e6aeb51e101,경상남도_99,1,경상남도
564,b603e4be395e750fb087ca4f3e0684ab,인천광역시_42,305,인천광역시
565,0bbfb43e44e765772b9c0238a72d752b,경기도_304,216,경기도
566,aedc91322b92340bf3033e91f660a1a3,광주광역시_16,431,광주광역시
567,13e6def5973e98eec58815ff1ea4cf90,서울특별시_41,1248,서울특별시
568,ec4a9d10799dfdd977f8ca47bf884725,경기도_212,179,경기도
569,83d20031dfda4467cfa1a96f8414c8a3,경기도_257,507,경기도
570,f6cd0acfa762aee19925b756ef855aac,경기도_116,46,경기도
571,bd42202b99594f4b91dcd4a686791809,경기도_50,25,경기도
572,b28744753aa2ee664d78b3cac32e765b,부산광역시_16,483,부산광역시
573,7a5ec7964d66ad5670ef50cbdf1c2bbf,강원도_22,92,강원도
574,e3dd9d1cbc215dd81358633e84e05ac0,경기도_316,80,경기도
575,8acb43811467072ddf88dee8c3496c19,경기도_268,692,경기도
576,1ffeaac669a2cef955cca42e6c328428,경기도_38,14,경기도
577,d96e8f5907af7ef6b52562acccd79ec9,경기도_273,302,경기도
578,e40b94a9fc40d2b99307ec8d26f43130,경기도_171,27,경기도
579,d537af82f649f0ecc27aed49322e8042,경상북도_77,66,경상북도
580,092e2d841151503bb915f7297f864f5e,서울특별시_99,1480,서울특별시
581,417f9059a42e63060c5cb47b2d8f7417,서울특별시_138,396,서울특별시
582,22e48193076e96e8d621a11614b05067,서울특별시_105,32,서울특별시
583,913caddf77b045ed8de593d4c381464f,서울특별시_86,2531,서울특별시
584,3d3643e681fac3b20f1d3968f9827276,부산광역시_15,78,부산광역시
585,eb7c4ccaa22cec08b9a243ed7da9cae3,경상남도_54,114,경상남도
586,ae173c912ed25101a90c0b0cf96e136a,경상남도_88,28,경상남도
587,2c63d943ee59b294db67c462d46c25bc,인천광역시_74,312,인천광역시
588,0561eff7815c440faaee39054f92da03,경상북도_65,55,경상북도
589,be896a8d6b3c3f24ed38ce000e0ba13f,서울특별시_15,2386,서울특별시
590,c9e18023ab556e4637a30538eb2dc1eb,서울특별시_147,289,서울특별시
591,92ae1822d4ed5670a38d102c38b38ea8,인천광역시_17,413,인천광역시
592,efc0ad6c389dc069d05bcf667322a8d2,인천광역시_76,1177,인천광역시
593,6bad77e2b503b646496728a4cd572724,경상남도_46,282,경상남도
594,03bc07b90226273c42388ec23e4dded8,인천광역시_36,562,인천광역시
595,c75c9e400e1b1575228a7a2e1d3d7634,경기도_248,568,경기도
596,6c5e959488ed86bc8aea02e0b767a4c3,부산광역시_27,426,부산광역시
597,a2b6e20aef95da6470336d7a88c6052a,경상남도_72,283,경상남도
598,fa720c91d0cff257b6ac9f0573b1fd39,대전광역시_18,436,대전광역시
599,1eda440235d47633f28a45c4c6c4dab6,광주광역시_21,852,광주광역시
600,a5ed2252237cfdd59e374ff8cf342c6e,전라남도_4,217,전라남도
601,12b425e77fb1848e5994d3d933307cfc,전라남도_3,73,전라남도
602,2e8790214a6b4534e0b08e4ad438036f,경기도_309,78,경기도
603,f723305024399d6ad8e5bc135eb631b1,경상남도_104,127,경상남도
604,32ab906cb9e2e7886a576e58eefe451f,대구광역시_56,376,대구광역시
605,c121323f8a98b1da675b79c6212d95b5,서울특별시_132,459,서울특별시
606,c8b2e331291dcee678f69d4b7eda2584,경기도_302,166,경기도
607,7e0cf0837aa551f8f7443a439b3fee1d,경기도_188,1,경기도
608,d2e42cb24fd664ab45b0f9435cacc334,대구광역시_42,89,대구광역시
609,e85b316d02bf61a6a07c3da16c564c6b,경기도_165,144,경기도
610,445eb927c1f673afaabf411458dfe784,경기도_179,1467,경기도
611,420e5c1bffde35e7add7a8b238c060a5,대구광역시_17,1545,대구광역시
612,ce673d04f8476ed3696551e752f7aa76,대구광역시_11,417,대구광역시
613,c0d3ebc0cbb93b3558c230ddbc1a759a,경상남도_65,943,경상남도
614,d9bcaf66b0f2ee15726b17181d7dd6d4,경상남도_89,37,경상남도
615,1b1ceb226d0d8222930ebd3e91c5cdeb,경상남도_95,3,경상남도
616,4585768e35a9c3eca21fb4c84cd4b015,서울특별시_131,166,서울특별시
617,d38e4ee90fdadaf4b8216acad771be3d,서울특별시_110,2195,서울특별시
618,c08403a25c061abfaf045e1af6cdf598,경상북도_14,195,경상북도
619,6c4a9ebe6b8e31d77049a1693aa7d95c,부산광역시_44,345,부산광역시
620,2e06a7eb6130e2c7c7bfda225d552a5e,부산광역시_43,559,부산광역시
621,6fd6e33354721f5a9649f0126518f6af,서울특별시_34,838,서울특별시
622,d2d295c40ee874f6c3f409f0ad543090,광주광역시_37,65,광주광역시
623,598a866eaa4c890efc1f4fb3d85e3bb0,광주광역시_3,19,광주광역시
624,c84367d7b4b14e857919748917af9fff,경기도_313,24,경기도
625,3241a57e74e54d8a4a87a31702b02976,충청북도_30,73,충청북도
626,275965cfc3b8c726ab3de4ab482e962e,대구광역시_9,141,대구광역시
627,d0bcd1e8e2c465c0271f01ab6db912ef,경상남도_62,127,경상남도
628,c9ac4b1dfe732cf0076b5652b62cb65f,경상남도_74,78,경상남도
629,8f87f3aa32dd228da1bdb4cf60be2239,경상남도_92,16,경상남도
630,ae10e8ddc535dabb29f606dc81c53bf5,세종특별자치시_3,59,세종특별자치시
631,6376c8489e91bd231546eeecea6863f8,전라북도_19,524,전라북도
632,20cea06de882e9b5997ee29c75bed6d8,서울특별시_114,446,서울특별시
633,dfb805571eaff073ced5bc4d9e84cfec,대구광역시_29,2651,대구광역시
634,18a9bff285ff957c1de2007d72bafb48,경기도_258,36,경기도
635,2842b17d72e34b35b68733d8c7a5b819,경상남도_7,72,경상남도
636,cf2a9ebe3f72689681f82840f145f339,제주특별자치도_15,57,제주특별자치도
637,b43eef00afd1f31e7430f70774509e15,부산광역시_58,83,부산광역시
638,6a8ad07e404b4ffce09c81f20aac2219,서울특별시_55,1951,서울특별시
639,94e50b82687350e05e5d8b4dc8a88f9e,서울특별시_58,349,서울특별시
640,54b3a50b9f209df323d140054f676009,경기도_323,35,경기도
641,60a42aa0fab13ea5d92dfdfcb6e0a885,울산광역시_18,137,울산광역시
642,1b1d6b2c99e6fe2b939fd83be24218e9,부산광역시_108,19,부산광역시
643,d467aecac2eb8db4bb56aeb61113d05e,대구광역시_44,9,대구광역시
644,64dd149895985f68c1d16729cf763c2f,충청남도_37,142,충청남도
645,0f326638458c4513fbb8c99ffbcc7f38,충청남도_8,3,충청남도
646,3ba25e8898f9619fcba69ab62c958fe4,강원도_29,262,강원도
647,ca8c2f708b2c937367d3e8eb0cb52fba,강원도_30,468,강원도
648,8330c6e87bb501c5da8da69a4a590000,경상남도_55,77,경상남도
649,1f2eb1fa7c928739bda12650aef893ba,경상남도_59,52,경상남도
650,e1a13777cbe64c392769f0a3c208475d,경기도_325,124,경기도
651,194cfb0aceb5ec72976e73d0ec72b990,경기도_75,796,경기도
652,b42bf83117278ecf819fe59447bfab76,경기도_314,24,경기도
653,39023a7705b7e09d34380d2403d2c0bb,강원도_32,413,강원도
654,a5f105ca19d6400c58ba4be75aaea1e2,경상북도_56,105,경상북도
655,617645565abcba9b592a9d9cc66be52f,서울특별시_102,343,서울특별시
656,15a245031a64448f3e27c5a1a17977db,서울특별시_128,1179,서울특별시
657,a1dbffe9f8d0b4484cfd5c912b767deb,경기도_144,104,경기도
658,ad727733aa896c1b6af03d1c55291016,경기도_139,77,경기도
659,f391f2028b10596c76b03bd7fb14c606,경기도_270,21,경기도
660,52251649fb0a77f0a0b0bb57f37d1473,대전광역시_11,786,대전광역시
661,8c06ae3b7cf2b835f62bd94f6cf7e121,울산광역시_6,619,울산광역시
662,8cf8dcbf3bb8ea127be3b994abb9ef85,울산광역시_23,2,울산광역시
663,14b45f13afc562669f7149eb141afe29,경상북도_47,411,경상북도
664,7e95c714fb37f228156f75552c2dfb28,서울특별시_12,952,서울특별시
665,fbf5ebbc190f40d73da6c0270b76e2a8,광주광역시_14,477,광주광역시
666,04be1cca3fa1591a2002564173c857b0,대구광역시_62,181,대구광역시
667,4f726d72ed5ce181db033b6f245646cd,충청북도_27,203,충청북도
668,22de72185988247c9214251c4d1c6698,제주특별자치도_7,482,제주특별자치도
669,98cfa86eccdebf66f77393ac6559620b,강원도_38,343,강원도
670,b4b02e119e0b51a8363b1089a12a6ebf,경상남도_35,811,경상남도
671,cd8e7074bffe51707eb5c3ede5159b1a,광주광역시_6,188,광주광역시
672,f134b0935c063625e68e49e4d9ce18e5,경기도_74,300,경기도
673,a2620fb392be705bf5205f100583d3fd,경기도_312,43,경기도
674,96270151be5526538f43388cead35d9f,경상북도_2,498,경상북도
675,af7a9f6744d3b459d5be6c36b0c557b9,제주특별자치도_6,405,제주특별자치도
676,cf043360a25a52e00280f3e74feeb9d1,충청북도_15,288,충청북도
677,c8b84d7ad6581da26ec05da1bf358630,경기도_297,122,경기도
678,e502fcea50eb2605cb3cd487b4ffed5b,경기도_146,942,경기도
679,25beb5e8e021ac8f92489a856ae3ab83,광주광역시_29,78,광주광역시
680,d87d8cc85db0261d318858f02afb53ef,경기도_315,24,경기도
681,e4d5142a0ad8346fa09170e23aab7860,대전광역시_27,165,대전광역시
682,733819da7c4d7dce7dd9fc10b083a981,경기도_184,188,경기도
683,0d84d612781609ea15e7ee7cdaf151ae,대구광역시_30,1407,대구광역시
684,052b9501673cb07862918b46c4263e5c,경기도_159,1781,경기도
685,fd98cb0a5975ad7d2dc23534ed73eb21,서울특별시_153,239,서울특별시
686,fd28d41c84b16c12a5757a478bf5009a,부산광역시_38,251,부산광역시
687,9de7eb8f69d3b787d450055644cef86f,광주광역시_30,550,광주광역시
688,2e4555df048221282a3b73acfeee8109,경상북도_35,774,경상북도
689,3ff481ecd1bddfe97746c68c8feb2051,대구광역시_70,17,대구광역시
690,43922bdad42e255783bfd52569ae65c9,경상남도_43,102,경상남도
691,872c833988b6117cf7569c3a73da4b62,강원도_37,168,강원도
692,8e5bb016e2cc17facfe4288d45c25917,서울특별시_20,1799,서울특별시
693,d98a6dd20f64d0e47e86afc8b8b7d066,경기도_326,46,경기도
694,709eb5136b5fe0499ca51d9ba155008b,경상북도_64,152,경상북도
695,d2e917af670ae5ea2c84a6d48d0b5515,서울특별시_17,12,서울특별시
696,6dc80d7df28920e839827571af6cb026,경기도_11,27,경기도
697,a53e8b874550a332200856563340f304,서울특별시_3,560,서울특별시
698,2e2ae0294ec042b3832d5f3b76d27385,인천광역시_10,113,인천광역시
699,d69a6e72f1d9df1dcaef13253b6a07be,서울특별시_8,22,서울특별시
700,2c21aeacbd4bced165a6b0f2fcdc6ec8,경기도_42,26,경기도
701,e14f9e78313b6446d21443112d32a99a,경기도_51,2,경기도
702,ed7e4484a1044a3996feb6a7823fa7cd,인천광역시_1,507,인천광역시
703,bfb782c2403e5b0548528dd95d80d6cb,세종특별자치시_0,74,세종특별자치시
704,0581c287883ca11b20ab381d530276cf,서울특별시_11,41,서울특별시
705,76c477f02bd8d97fa2440819155c209a,부산광역시_10,75,부산광역시
706,5f93c67d9b0fec545dbae40764193bbf,인천광역시_12,80,인천광역시
707,e66c6f67b309d6903187f046142d4257,울산광역시_1,12,울산광역시
708,33f9b701711995a2b9cdcc672891ede2,경기도_35,101,경기도
709,d4d3ac6d734449872eb9227144251288,서울특별시_28,28,서울특별시
710,026ad5cb0cd931dec7a22050de8e7f6c,경기도_78,14,경기도
711,e5088f74d61d90edede5f13ab37fabe7,경기도_128,11,경기도
712,41461d52cbdc800602f8d0ae851bf91b,전라북도_7,43,전라북도
713,ea568dd18b2bf321fcca725229a08ba7,전라북도_35,8,전라북도
714,dd779c5845ea56f4bd84af990da3572e,광주광역시_15,35,광주광역시
715,5e8eae094c92c9820a26aa561ba07cda,서울특별시_52,50,서울특별시
716,f0f1b6e0ee920ec7533cdde8b1eb0139,서울특별시_46,73,서울특별시
717,fec3f41a0d97723e5448c7261219359e,서울특별시_40,14,서울특별시
718,27343dfa6c71273e910b6017d28e43e6,부산광역시_48,20,부산광역시
719,b37f79ca4ce4c687e62a82c008e92561,경기도_61,161,경기도
720,4ac41dd268f8b6ee17f65adaef4160f6,서울특별시_90,81,서울특별시
721,cbfe0e09c3d5f1450c51b9a66e5444c7,서울특별시_7,156,서울특별시
722,eafa0d525513b89167271a84169f1607,인천광역시_7,28,인천광역시
723,f17906e324e64d3ac666ec1d82477f9b,강원도_16,43,강원도
724,9927584135f485b93101b0e01cfabb78,인천광역시_60,14,인천광역시
725,201d43a8ec3c67ac5fbed11b1b40ac5a,인천광역시_24,10,인천광역시
726,bb02bff47646ee215a9edd0ae01bfd7d,경기도_36,156,경기도
727,adcc421b6f2b22e711efe7568bd55b48,경상북도_16,676,경상북도
728,29ac14022622e0aa77a216c93608bcbb,부산광역시_50,7,부산광역시
729,078e76d3f3d73eaf6158e20c04ab4950,경상남도_12,142,경상남도
730,758b9afe905ff184671c5d7db953ca7d,경상북도_62,269,경상북도
731,fd726e295dfb1ae139ac793f88ae94a2,경상북도_10,925,경상북도
732,20945201ebe7797bc71ad12096cccfe5,경상북도_30,205,경상북도
733,e7be96052e20817d791ee8bb33442a21,경상북도_81,8,경상북도
734,de6535b79eeaf0fbee24a3409635de60,광주광역시_8,411,광주광역시
735,4ce4eea1f6a621cfdd638c6a3f580d31,경기도_274,432,경기도
736,4accb2bce65a7667ab4eff62bfe58a1f,광주광역시_31,360,광주광역시
737,ff8a28de22e11eb839694cd756defead,강원도_20,407,강원도
738,950bddadca02d6faf78df5fdcd914511,울산광역시_19,126,울산광역시
739,64a34cfb725cba349cf008e0a67a869e,부산광역시_104,130,부산광역시
740,55fbb6fe479a545d7b764be94c844f9c,인천광역시_55,140,인천광역시
741,5f3b8c1fb1171d19ed5accbd2cf65f21,인천광역시_81,9,인천광역시
742,18b0110671dac0529c9c48bbde415ae1,제주특별자치도_5,160,제주특별자치도
743,9f5b4ef4b13cea64ecf1beccc75ea64f,울산광역시_3,308,울산광역시
744,4f8be58ea9a4e6de559201ae1c0cef26,서울특별시_9,101,서울특별시
745,ddc1ed777c6c20888d54f2a598857eef,대구광역시_43,39,대구광역시
746,9471211f2d87350ffdfb7c24bb205185,경기도_81,322,경기도
747,39322482e127431382deea450298200c,경기도_211,506,경기도
748,7190a1394138f9f17749d655d27434c7,대구광역시_37,272,대구광역시
749,303b00bcdf4bf3a49c4c3db38cad964b,경기도_181,103,경기도
750,f8aaf0f04ba709c7f94c3a6daa124094,대구광역시_45,67,대구광역시
751,7403f4f9942c002d0f24543f995d98dc,부산광역시_30,723,부산광역시
752,3b1de9448312d7ae5811d04787b27fb9,전라북도_0,607,전라북도
753,61b47fdd4a09e319378d67f654a4e40d,경기도_63,163,경기도
754,3f20a22dd08efd9184f50d68d27bd5fa,광주광역시_26,29,광주광역시
755,1aacad79e70da27ee3d94b215a6c3515,서울특별시_115,276,서울특별시
756,37c8d9af1d5f387e9207f3d0b6ea4562,경기도_260,91,경기도
757,bbad34aa0a3acf3e82be0d88a41d254d,부산광역시_80,20,부산광역시
758,6ef6cfca4bda263e2aca7fd8da9b92ee,대전광역시_28,191,대전광역시
759,2c177f0941c31a867aa5e816821d29cb,서울특별시_134,68,서울특별시
760,940e1d28786d8697dfaa9012369c438c,경상남도_86,72,경상남도
761,92f6fc3e70f60ae15ce619c21862596d,경상남도_64,129,경상남도
762,272d837ab3b0f5dbaaa85f21ec6de1ae,경상남도_23,224,경상남도
763,73671bb69acf674527e53fb5ee219f04,경상남도_73,24,경상남도
764,8c9d23edf6217be16a6300d08f1614f1,경상남도_69,19,경상남도
765,1a4d6a895cdc35cef021c65963282ada,경기도_233,178,경기도
766,2592cd221e614af08bfa730aa09fba0c,전라남도_25,327,전라남도
767,7ae5c8e8182e73f3e825adc401132fea,경기도_223,248,경기도
768,d08a9aba137ef0a2c8a7d57987375314,부산광역시_67,237,부산광역시
769,e779cd8ffc0c6f6b3f96c259d239b1ee,경기도_250,48,경기도
770,f066fc8231c0b8abced9a02ee87e0dc3,서울특별시_133,17,서울특별시
771,b076e698115e949fa645916d076e69a6,부산광역시_83,162,부산광역시
772,082d67cbcc710a3e4ae31636a94cfeee,서울특별시_126,6,서울특별시
773,cd5b649f3af710e9e894e56b087fd749,서울특별시_120,362,서울특별시
774,b1ccf67219cabbb640201ba5d34fb588,부산광역시_93,84,부산광역시
775,c03b2d42b0651f8770cc113675a19f78,서울특별시_113,288,서울특별시
776,5d82f88f01b3595f48fa6b6b952fc2ee,경기도_219,124,경기도
777,cd0bbf8a8f31b462f31ea4baf1de82ab,경기도_240,46,경기도
778,5205040e92c307ba45d7f804fbe8cfac,경상북도_61,118,경상북도
779,d86276f84ad88ec529a1218b6cec448c,부산광역시_96,45,부산광역시
780,115af758daf7c212b39f0bef0c98cae6,부산광역시_74,311,부산광역시
781,86564809ac3680e06bf84cbe8e283639,경기도_234,131,경기도
782,19f2589875562684858d48126d991513,경상남도_81,206,경상남도
783,744e7d14ebb8ce54ec98e0e199ac4ab8,제주특별자치도_11,24,제주특별자치도
784,9cda96ae9946ab68d088d75259b9c12c,경상남도_98,5,경상남도
785,1f7c8c02da8644033e8c07600a9efab8,경상남도_85,90,경상남도
786,70596162794f580130d63074d994a244,경상남도_6,6,경상남도
787,f558b29a55b58973ffec0b9f2d4d93d7,부산광역시_75,283,부산광역시
788,f19cea8f1ce9a9f7cb79b3c8262b3bbf,경기도_271,73,경기도
789,1f2f2f4082e8808d739fd8968e0f8d75,부산광역시_100,720,부산광역시
790,7bfdf13332cec05bfa2a1586602a8f9c,대구광역시_64,87,대구광역시
791,b36ba3f9674143c440791b172f896b33,서울특별시_111,40,서울특별시
792,bde34cd5866e5ee22dc8e9a27b9aae32,서울특별시_151,15,서울특별시
793,3eb4eaf000aba097386be985f6f77739,서울특별시_123,194,서울특별시
794,9d6d980deb39f2c3723daab832b7ca41,강원도_31,444,강원도
795,2e5c4ff6ebe855767f3cde5d45774b49,서울특별시_137,6,서울특별시
796,e46a20384ec092695f0fa348db3f0355,부산광역시_102,4,부산광역시
797,f0c048d95c830c9365945b53f9099f46,서울특별시_112,120,서울특별시
798,6bb7c3f4494951dd9532f84cc010f0dc,부산광역시_68,132,부산광역시
799,0bf731051dee06228b8876c9427b5576,부산광역시_78,19,부산광역시
800,87105c9604cfe67d6afe9e1bb090a2c1,부산광역시_88,202,부산광역시
801,febd7bdfd043d57e26008099c6b58b1a,경기도_69,117,경기도
802,60e70aa6e151cd1ae212d30f668f5528,부산광역시_70,24,부산광역시
803,c2c0021c8f69af3a1123292ed78b55d2,부산광역시_86,17,부산광역시
804,f552ecebaa4c06bbef66971c88f3e2e4,부산광역시_76,47,부산광역시
805,13457426a2f4b50f1078c6132bf12a7f,경기도_284,46,경기도
806,e07dc884d67e57c3729934ed2098ff98,대구광역시_63,23,대구광역시
807,9baf379505727e2d26249bb718b5d954,인천광역시_67,304,인천광역시
808,38a9ce306ab2a5308c7b0c73e70815a4,충청북도_28,267,충청북도
809,fb10666dfba43f13b736e33de111d6cb,경기도_254,458,경기도
810,4534774483c486d0439a61ae3a05fe45,전라북도_10,94,전라북도
811,5ef0aba4c226c07ac25a3913ae48fa8b,경상남도_83,40,경상남도
812,e4af3fa9fc7ef1ed26e0b6ebe429477e,부산광역시_89,43,부산광역시
813,a821cd5cb3eed683cea3b08c330d9acb,부산광역시_72,74,부산광역시
814,4d200098056837956bd5fe30894b71bb,부산광역시_97,18,부산광역시
815,10c14b101a0d49494253f1e6bb3a46d2,광주광역시_28,177,광주광역시
816,30bf85f863cba7cafbef8c3377783ab5,부산광역시_92,39,부산광역시
817,55cee8ba229c47f86cf176edeef0a85d,인천광역시_72,20,인천광역시
818,1f998ca2e18d0821581b178e89c708e6,인천광역시_2,234,인천광역시
819,534a5382f232a733e948ae891eef7872,서울특별시_44,129,서울특별시
820,ab54ce055fe1f235f3585e00c120c913,서울특별시_129,24,서울특별시
821,50d5ad179ef1f772277dd76c7597c7e2,강원도_1,565,강원도
822,6dbf3857f0d6c2927fde6b71dd5dc8a4,경상북도_36,141,경상북도
823,4f0d2691bd8909ea2e17ba1e637118f8,경기도_251,49,경기도
824,80aa1cf3bf762ff00f23e8e5193edb3c,인천광역시_39,1518,인천광역시
825,49efd38f9b061f516e182255f90551b9,경상남도_82,19,경상남도
826,0b69be9620dedf5c9bbd3edac0868a03,경상남도_28,44,경상남도
827,c2a78ec19fc7d8ca23716aaf5685bd9b,울산광역시_24,80,울산광역시
828,602f5dd61f2311a46afd2445ee8aebbb,경기도_229,30,경기도
829,332fe2bb96a0fc82a55708b1a1e110e2,서울특별시_127,26,서울특별시
830,dd4b4a3d6575c1375d94a33bbec8b837,경상남도_34,165,경상남도
831,7de360d376c757241c39c95b79e52178,경기도_269,19,경기도
832,3c054ffc2bc8b4f312eb46197f7bbcd2,부산광역시_84,124,부산광역시
833,3c64792a156c69569e447611eb3f3ecb,인천광역시_65,59,인천광역시
834,e9345fdbbee7938e0ea265341f37af58,부산광역시_101,9,부산광역시
835,96b0c9b51c9111220dee6c5ae9471f5e,전라남도_26,9,전라남도
836,f590dfef170d3d36d73db3af5bc99725,전라남도_39,17,전라남도
837,589d9c09bea0d1935169eb59187cd290,경상북도_70,58,경상북도
838,3b45110752dd1c4592d0255c233bcda7,전라북도_8,879,전라북도
839,f51e55946ea996e97783382c6335743f,서울특별시_116,71,서울특별시
840,07b3e5d9c861d71f5a560cb72c3a0586,부산광역시_41,271,부산광역시
841,485070ed2fcaaaa61d284e2367057a4c,경기도_40,265,경기도
842,50408c0c87d3169f3daf4d5b2e3c5387,전라남도_8,529,전라남도
843,c2983c33efce5f4d5cee88d2cf23440c,전라남도_40,43,전라남도
844,e69f343484ad78d2caab9edb952176cb,서울특별시_125,468,서울특별시
845,ca39d1edb5de83918905619e0132f9a0,제주특별자치도_8,133,제주특별자치도
846,6942724d15b573b27bf6efcab8e7ac5d,경기도_43,536,경기도
847,d44f09bc65ffaefcbbe26a2a60bbd782,경상북도_69,27,경상북도
848,5e7f28defce4fbd6268a47d42304c28d,경상북도_74,75,경상북도
849,9e374dfa94b137609ef41015e88ad7f9,대구광역시_52,305,대구광역시
850,f9e5cc1efdaa38e42b22424218b7a992,부산광역시_81,29,부산광역시
851,18d0d37d47d96f2281408cfb66ad4d55,전라남도_38,77,전라남도
852,c7ca4006ab98038bd6c479ad1e31eefd,전라남도_34,5,전라남도
853,45aba4c9d361f25d7a3cd1050ba4191d,서울특별시_135,10,서울특별시
854,010aae55a52854d219aa7336179e7613,대구광역시_65,18,대구광역시
855,00099e54e4f2871e188b19d5550cb166,경상남도_97,19,경상남도
856,43b71d7ac42c365273b0485d326e51ae,전라남도_33,30,전라남도
857,4f67e3704706d949695d16e7af325d18,부산광역시_12,293,부산광역시
858,f9d59d3f7cee9b6319f57b5e64b4a010,전라북도_30,203,전라북도
859,1c2055d1528417dbd25795f15feb5365,경기도_287,143,경기도
860,b6387e3773a0155daf1cc334a84f1001,전라남도_24,179,전라남도
861,37101c1812070b9e96db26c3a54ac213,충청남도_24,121,충청남도
862,6ebc9633f1c45698cd90801ac114655c,경상북도_71,37,경상북도
863,f05474c70047b2cb54bc14f993111515,경상북도_41,46,경상북도
864,c98ba0876291c9fa95c7c252920938d5,광주광역시_19,551,광주광역시
865,e8d9e6e7f4190787fd2fa22f10389f01,경상북도_43,236,경상북도
866,cb86cf8936ce2f33dddea17cc7eb4dbb,전라남도_23,365,전라남도
867,048e398cf8bbb45733dac8095b42d5de,경기도_298,128,경기도
868,5c8ae17c0ddf314bd57b3ac730f40a76,전라남도_36,24,전라남도
869,15e89d895c085439f8f65537b3149231,전라남도_30,13,전라남도
870,635fe6a1a1682e388d85aac48fec0cce,대전광역시_22,1861,대전광역시
871,5fb9e60a3686436567a032d93539f07c,인천광역시_0,226,인천광역시
872,41eadd09ad48692edcb41e7f1d4abc27,서울특별시_1,47,서울특별시
873,0d11982cd966a50111f09e2b172a0c95,부산광역시_0,25,부산광역시
874,300073c3eba59623d855a6869b3e22a1,대구광역시_2,20,대구광역시
875,0234ca9d57975ee8cc3658c7eca201f5,경기도_18,57,경기도
876,6ce42d307e335b3ac66e6a90db05212a,경기도_45,58,경기도
877,b155b39b837d02f37b6e922e7744206d,충청북도_5,12,충청북도
878,f1fa249a270454cb4e862efc80b1f0e7,인천광역시_20,31,인천광역시
879,e5a8ba628029c60d7c97f580cebb310c,경기도_39,28,경기도
880,96b516133252bf60fdd27975cec50123,강원도_11,4,강원도
881,999cbe8b9240ad88fef871f454d75879,대구광역시_20,45,대구광역시
882,a5b3bfd67fad0f5a00f2b962af77d72c,경기도_113,8,경기도
883,8bdd2adcc5cd255bf3b51f56bb3ee839,강원도_14,3,강원도
884,ba08267d657ae6a3c1b4645df3c4749e,대구광역시_22,136,대구광역시
885,e191ed2eafddcbd338f211e50ee6053e,충청남도_9,5,충청남도
886,d01511571782fc06e78dcf4c9a8300e7,충청남도_17,8,충청남도
887,5e3f38a76ef62c872210ca248850d3d4,부산광역시_35,9,부산광역시
888,33e5a045bac05a6ae1e8ed2b820de6ce,서울특별시_62,6,서울특별시
889,9203f46aac1f6701c5a91be0cd2dfaf7,충청북도_16,29,충청북도
890,81928ec7c4f3dba6f4797ac747a75d9e,경상북도_31,8,경상북도
891,b0367f5da234a2ad1b5fe9a1431e0220,부산광역시_23,5,부산광역시
892,5ae5d6dfed13a59137ec84d7e610e3d0,강원도_23,6,강원도
893,dfc5447605082514bdcbdbe066ba228a,경기도_140,14,경기도
894,58e2744c117b10493cebb240569a7a44,경기도_158,50,경기도
895,81786ffbeddbe88e6f0e53fe524d815a,세종특별자치시_1,26,세종특별자치시
896,2df0a83110c3d8bb2383dfd9be65ad05,제주특별자치도_1,178,제주특별자치도
897,799ba5159e6c2e16317f4b272a59787e,대구광역시_46,11,대구광역시
898,23c2dad11e3b03f060b8cfd37b13c288,서울특별시_94,2,서울특별시
899,85abde290992c86b890d749849e362ee,대전광역시_25,2,대전광역시
900,abd7df149cdf5823982418f10e66cf3e,서울특별시_35,12,서울특별시
901,fc0b9081a2c7845915188edad5aec950,광주광역시_4,130,광주광역시
902,d1730630ff8378e80640ff95adb0d48d,서울특별시_29,17,서울특별시
903,aa8dd0c2225c0e70fc7445bd8c5556db,경상북도_55,354,경상북도
904,890ec2894794d96b013d49a6124ad261,인천광역시_32,28,인천광역시
905,fe77c1689c42534b4126fd59be673a3f,대구광역시_54,163,대구광역시
906,f45afb5a356aaaada9407b37f1b0fbce,부산광역시_39,56,부산광역시
907,62f7e8efc6956119ce695d235898d6a4,부산광역시_103,1,부산광역시
908,d957a81abf8bdb257f45af2c80d11324,부산광역시_65,420,부산광역시
909,b4ab0410b11f105310f8f015aa411d3d,경상북도_79,111,경상북도
910,d39fa2f90dd3263e168d728211086116,서울특별시_148,200,서울특별시
911,76fcabd370da355b979de5bbf4cd9b1c,부산광역시_63,244,부산광역시
912,4b662724fcec9daedb68917760aa5e15,서울특별시_109,988,서울특별시
913,3c063035d25be531cdcaa97ce168553d,서울특별시_74,1686,서울특별시
914,2b63d707b834f0c0d9a7359fffe2df9f,서울특별시_155,73,서울특별시
915,8e51647b7ba14fe81740798aa7cf330b,경상북도_66,137,경상북도
916,b4a33447537582fefd3037f6129b09d9,광주광역시_23,81,광주광역시
917,22eecef2e80a72ecbc8d198b92411a41,경기도_228,38,경기도
918,1bc7967d2cb252063f5f765a05034e59,경기도_82,12,경기도
919,71dbcf38d42a1dd883a35a3f0f645b09,경기도_105,1,경기도
920,bdd9ae056a8fd5b9f5156232dbea6c1d,경상남도_40,239,경상남도
921,fd16b05d7c2c2cee70bab0db2f0a96d6,전라남도_17,118,전라남도
922,2b257c9832adc6c0b67011ca593efceb,인천광역시_80,123,인천광역시
923,f6ef4f853cdb3170dc820851f179f424,경기도_21,85,경기도
924,8421c42189f791abc83d106ead62be72,경기도_176,1,경기도
925,8efceaab166b37e0b56c61f11894c45f,경기도_27,26,경기도
926,2a7c969029c54c6c9ff4881844708e8f,경기도_194,1,경기도
927,40e77e838a6afa164478074d52066d7c,경기도_210,1,경기도
928,ecff34c2e5b62da8aace4b5bbea1e601,서울특별시_10,16,서울특별시
929,1148020ac71d64c20dd74e3908771b72,서울특별시_27,134,서울특별시
930,9b056edd8f90edbe0f468df3b2f8c4f4,전라북도_5,42,전라북도
931,2a10d207708aa1c34ba7efe2ba3be440,인천광역시_14,53,인천광역시
932,ba2f506f7e03f56eacc0ada3f5c9d2b7,강원도_4,24,강원도
933,70233838afffa6cf718f3436729a5ad7,대전광역시_12,2,대전광역시
934,76e004b0ef904f7e4d1df14090091765,경기도_2,35,경기도
935,aa565c8204a26c4c8348ff3479e54495,인천광역시_21,25,인천광역시
936,23e3e6ad824e8d767925c8dc0026482a,서울특별시_23,31,서울특별시
937,2147527dd1cc082da5df99aded698200,경상북도_50,40,경상북도
938,73035a30acaab974b8dbb5da81070e6b,대구광역시_33,90,대구광역시
939,47ab9a7895ad24b17a4cc90b242f8d95,광주광역시_25,85,광주광역시
940,baf328260079ef248b06cb795897cf11,전라남도_14,142,전라남도
941,f9549ef632c4c19231a65799e65d89a5,강원도_35,94,강원도
942,6f3e97e155c2694a485433a67ee24477,충청남도_20,15,충청남도
943,ea714d8668faeafa48e36ad3f6bf78bc,서울특별시_30,26,서울특별시
944,097e1e02a102edf429084ed9bf3fcf43,강원도_10,13,강원도
945,2cd82ae664ee00f4c98f6d74bc59cd87,경기도_88,245,경기도
946,0bcac4db949b10ebc21d5e865c7d4d04,서울특별시_50,95,서울특별시
947,90d61944a12e25d7321b6784d221f60b,대구광역시_10,21,대구광역시
948,bc8c19aec6db157131778edd7390a7b4,대전광역시_19,14,대전광역시
949,527562cf80b9b466a1772fb44363f1bf,서울특별시_51,25,서울특별시
950,37e6957498b4608b9e756a458dd68db4,강원도_15,11,강원도
951,c91149ac2da45a34202cd07593ac6289,부산광역시_54,10,부산광역시
952,1eddac2dbece318a7f9f70a1184d1de2,부산광역시_13,22,부산광역시
953,2565bbf476c70c8984aaebd5f8b01b7e,강원도_25,28,강원도
954,1e9ab2639e8e5e9d07d33d941a8bfacd,대전광역시_1,1,대전광역시
955,5f7ab2978996b4dcfb4810a2656c3990,경기도_33,6,경기도
956,43c12d6db51a1882ea3cb6ff68d458c7,경상북도_4,44,경상북도
957,0d13369bf930d44063e9f7968e08cb28,경기도_57,390,경기도
958,eabb79c85a0e83fb5efc7c7b992dc01c,경기도_319,990,경기도
959,4e5ca76fe75d4d63fecc645e1bde6357,인천광역시_28,11,인천광역시
960,247a51f7f5cccc3f3334d1ec63185fee,경상북도_26,15,경상북도
961,79c497ce4a0fc697117656856258fbd0,부산광역시_14,8,부산광역시
962,8c2792a28736c29a387ca31eddd5ab17,서울특별시_53,14,서울특별시
963,ba9c1c6bf919d9885bdbca32a0c192a6,대전광역시_14,12,대전광역시
964,ae8645c7f42d7385fda121203cb3ba99,광주광역시_22,3,광주광역시
965,76a7a20fc38337f8a2d8074736299ae9,충청남도_16,10,충청남도
966,6cdc14f2ae4901dca7d7ff9a69c36f62,경상북도_40,9,경상북도
967,c72c9b9ef886a4a4ca93614b1829a8be,경상북도_22,10,경상북도
968,da47c000b84c8d1edc1c2eb6bb64d0bc,경기도_141,13,경기도
969,82a764ee42467e07df8e6a6ef02e11d5,강원도_5,34,강원도
970,59bef703f71de89191562e3ea3aba967,대구광역시_39,55,대구광역시
971,2657beb8f14582acb2228e33d4ba7388,대구광역시_32,28,대구광역시
972,a59ef331b0c135782c32a667695b177e,경기도_317,27,경기도
973,5528ed135e3ad53647b0e7e3826a3703,충청북도_31,62,충청북도
974,3d8233c2940d96d014661a70c578c25d,경기도_4,66,경기도
975,261f72fe936a13190e34759d356b85f9,충청북도_7,11,충청북도
976,810dc3dfc30bc5a24cff6127b07e209c,경상북도_11,58,경상북도
977,f50bfe7b92ece39271d2f914aa9a71a2,전라남도_5,5,전라남도
978,498b6cf7173fb4747318e3db325841d6,경기도_37,32,경기도
979,f2c26bd2a0869ec31eb828b4503abdfe,부산광역시_20,15,부산광역시
980,6be50278565d28cb610368f96eacb7eb,서울특별시_65,328,서울특별시
981,31bf9159b41d2b1bb68135ae1c371130,강원도_12,27,강원도
982,d6586268ecdc025527b120974603a60c,인천광역시_48,7,인천광역시
983,83a2b18fc1a89ca821ce3e84a5d6445d,서울특별시_70,2,서울특별시
984,d7507295001f695a8eeb02e53888426c,경기도_130,11,경기도
985,0b796688445408f75fe041e94ceda87a,부산광역시_91,8,부산광역시
986,4e34776d39dc09a49451144354bd6e2b,서울특별시_103,22,서울특별시
987,b6fd6c13f0088ee648526418a5faaa83,인천광역시_77,90,인천광역시
988,d8e3f05ca0d33c4de258a01b0829546e,부산광역시_79,75,부산광역시
989,59a31dc7b84a379a8eea89048565ed88,경기도_285,3,경기도
990,5e432ecddf5e529fce0f2ea07c6f97e7,전라북도_18,39,전라북도
991,f760eb54ed5249ee67ae03190f73f133,부산광역시_77,155,부산광역시
992,152b58576fb33bef228256890a0ec010,서울특별시_119,110,서울특별시
993,e6ee5b0c72666e4dae8a442ce5863ffd,서울특별시_136,39,서울특별시
994,ffafa168df1f9d850501c4a1941cdd28,경기도_55,62,경기도
995,e2eb954f1db67215f343f33bfd6131d0,서울특별시_130,37,서울특별시
996,ee9e2f46ae9d01e3f86b3fce9e3d2c02,서울특별시_145,161,서울특별시
997,61304222626474a9f1070e564a7ace5b,전라남도_32,10,전라남도
998,52d556ad6a3ba944e2e814d7ea7d4412,부산광역시_90,65,부산광역시
999,5d61f0529dc52a1824c3a22007dbbd47,대전광역시_16,56,대전광역시
1000,80dfb67c81f7528478f3d8628d572008,충청남도_4,61,충청남도
1001,9fc3b95b4dced01a9aeee2f604e0d222,서울특별시_139,19,서울특별시
1002,7ced141e95d71a54082f1db09f68bfb5,경기도_303,50,경기도
1003,1276340fa769c907a73d39e226a3d5d9,대구광역시_13,535,대구광역시
1004,6136cbb93efe00ae7dba45151e839cfd,대구광역시_61,142,대구광역시
1005,298bac06da2c7b9802d6c07175edcee0,경상남도_77,84,경상남도
1006,324ea1c176606f76180906a23e686468,경기도_230,40,경기도
1007,553b1b0e7eb487c3341abe6cb4a1bad0,울산광역시_16,13,울산광역시
1008,bd2e2fbb973f0f00a11dc3304e270d8b,전라남도_28,1,전라남도
1009,21f92630390a32ec4c363cc55908efbe,강원도_39,21,강원도
1010,da8b6c4e3d606cda94e68165403f7a31,부산광역시_94,25,부산광역시
1011,2d68e5e3b7375944243dabccc19bfb51,강원도_40,122,강원도
1012,2fade6dbebc4884be482799f8f424359,부산광역시_66,194,부산광역시
1013,cd3987b463861ca20d84cf78023ab739,경기도_280,19,경기도
1014,a24a8e16d3e119a23aec7807308b37a3,인천광역시_68,54,인천광역시
1015,dc41e0aa4a2600e532f7c3ef710d839f,제주특별자치도_9,29,제주특별자치도
1016,bcf9b945351bcf8178ff80345e439844,경상남도_91,36,경상남도
1017,6d8ba2e94896f2d9a6c9d68e11352d6e,부산광역시_99,15,부산광역시
1018,4d38f1315679e2051435e7e70ff9f10f,경상북도_72,60,경상북도
1019,eb9db8b1d50177b1f4ef733408450870,전라남도_27,14,전라남도
1020,fab0ad37f5b019c3587c7eb589a2cfb0,경기도_283,49,경기도
1021,2aebef9c1655ae54552a1980df21754a,부산광역시_71,23,부산광역시
1022,3e516582f6c88f2b482be3987f5c8a31,경기도_265,42,경기도
1023,fe2d99e1131c1c6960b12bf3b557b750,경상북도_75,9,경상북도
1024,ab0a47eef5005dd3e73da192be73e16f,울산광역시_5,22,울산광역시
1025,3481812f0b56a62109bb6c3234934308,경기도_308,10,경기도
1026,9a7fed48e53cb6dc2040bf752c74edc9,강원도_6,8,강원도
1027,1422ed34d6bc2ece9914aa77354af60c,전라남도_2,6,전라남도
1028,a99d531305947206b001c3b49690d535,충청남도_6,7,충청남도
1029,5bb937182b30ec8b17ca219378c61a7b,대구광역시_38,8,대구광역시
1030,2b26d5db36c6b800d0c153947c023a9a,경상남도_10,40,경상남도
1031,0f5b3a99a1f75101c5f2afbbac2cfd6a,대구광역시_25,8,대구광역시
1032,19c9d79d0936396c4a9a8a1f2991e4ef,부산광역시_28,60,부산광역시
1033,3fa858bc5c7665d66c2e44930287f62d,서울특별시_89,3,서울특별시
1034,da8514eb03b3b026ad70fe0e054a1723,경상북도_29,23,경상북도
1035,b5d4b395b197757c08a67d2a37712025,광주광역시_39,15,광주광역시
1036,184e342eaa562327db8f42f5db099315,전라남도_42,17,전라남도
1037,7aab5630f7987331b66578fa0a5e66f6,울산광역시_14,7,울산광역시
1038,508f5d44b67ff362d56e9941d6a2328c,울산광역시_26,12,울산광역시
1039,0f712b61ae5a4ff90474b7ccd14d54ad,전라남도_0,20,전라남도
1040,4e7060fd4bd6e9a22a6b40158572759d,부산광역시_47,20,부산광역시
1041,6b6b67249509c184414a4c4593d15977,울산광역시_10,16,울산광역시
1042,bd938d6a7207e33131043bbcb39065d1,울산광역시_2,71,울산광역시
1043,eac8204e74e01424c070be27387fbd1f,nan_4,20,nan
1044,f1a578c0a70283736c8517188862d5f6,nan_8,1,nan
1045,850f870b8c1308e4bd286a797fd1999d,광주광역시_40,6,광주광역시
1046,d77e1bd8f39847bf44f3dca173aadd45,대구광역시_69,6,대구광역시
1047,46923eeed33aaba129d5c684f9f5f8f5,경상북도_20,85,경상북도
1048,5bb60bdee333ee82ccbee3437366adee,부산광역시_107,121,부산광역시
1049,eb67d7ad23b95998f3943b0491d29aaf,울산광역시_28,15,울산광역시
1050,89a858cfb4c4e9d4cbbcb55cfe42d215,충청북도_2,1,충청북도
1051,5376094cac0908bc9e3fe0f954170bef,경기도_29,31,경기도
1052,ea74a14e5f5f58f64930f4eb9cecd9b8,인천광역시_30,20,인천광역시
1053,e78d9b17027a5c1dc9946ff1180d4412,경기도_98,5,경기도
1054,5abf652cfe56d8e9c752f9aa321bd32c,경기도_34,24,경기도
1055,5949e07c3be06ffa6277220012ddc641,충청남도_25,12,충청남도
1056,281233571e234e756a75237607ef4f63,경기도_277,2,경기도
1057,c2fb24e9cf0a8a644af1a66e3cd8af59,울산광역시_25,21,울산광역시
1058,b31ce1d32ba8d6e1dd0a30fd5198a695,경기도_10,220,경기도
1059,024c1b40c1df9c1ceaeff810baf98cd9,경기도_17,118,경기도
1060,e3752ae55c6844e28c31444a78a8954e,인천광역시_9,189,인천광역시
1061,4e3411b94b61433aeb11d2bde011c0e3,인천광역시_45,7,인천광역시
1062,d2b2f4d723066e5842ce53d15dc0da4d,대전광역시_8,5,대전광역시
1063,7bc21dc31abad212a420c1dbb03f19ca,경기도_46,131,경기도
1064,ed654decb98cec30f1908bdfef7ebdd8,경기도_197,5,경기도
1065,58a2554c71253bf2494a359113d631f5,부산광역시_18,20,부산광역시
1066,2501621a3063c777d8ae7f0346236814,대구광역시_28,17,대구광역시
1067,0df1ddab9350c58f321466deb292e53a,경기도_66,36,경기도
1068,ab47a9276b05d8ddbdb50bf3a89a04b5,경기도_182,3,경기도
1069,bbef6eb469529844c6f6d2db75f8e484,경기도_162,16,경기도
1070,c380d9166d9d89f00e97c69033e9867f,경기도_49,24,경기도
1071,6d4e4e4d96eab2eabc49f52b87ca7334,인천광역시_38,71,인천광역시
1072,e472c5ad433b06d202f176f4bf271771,부산광역시_52,71,부산광역시
1073,1f63dee4e52878f752954d9c00c92b02,경기도_195,48,경기도
1074,1c264c77cd2bd1d7f6648973d82a06a1,경상남도_51,10,경상남도
1075,c18424da2070305ad0ef4a1b72cc42ac,인천광역시_22,22,인천광역시
1076,81632cd35d9ee7802552c744404b4a93,경상북도_21,9,경상북도
1077,50ab3bd175edfc2d0e59011dab231002,경기도_307,202,경기도
1078,d8239b75ed2a3ad8f8f0da59e28577c5,서울특별시_56,202,서울특별시
1079,8f0d24ee77fd39ebe86c2c2bafc9d173,서울특별시_54,1,서울특별시
1080,5d69bf87c3109f378801b30f63e110c0,광주광역시_1,77,광주광역시
1081,d400b029f0bdf83012d65f4f598fd8f7,서울특별시_60,89,서울특별시
1082,f93b6802defdb40c90ac377ab0025de5,서울특별시_21,134,서울특별시
1083,2c45f78edd6e220ddeb31a93781dc6f5,충청북도_20,1,충청북도
1084,58abb736d3abe3f3a3582ef45a840a6a,서울특별시_146,2,서울특별시
1085,096a424dd0fb2835939f969dc3ab5a90,충청북도_32,55,충청북도
1086,8b1b0be5842c9fef4926db30d6dfb2f6,인천광역시_33,1,인천광역시
1087,5d06c46e059d76ed2840b5e75c19a253,서울특별시_48,2,서울특별시
1088,0af2e457fed10feef5f2a1507b084e93,경기도_160,1,경기도
1089,e329a51054986be1d9fff5a6e1e338dc,경기도_56,11,경기도
1090,9323647349d64eb83532e35e4c522d12,충청북도_6,7,충청북도
1091,f189524dc65d0f951e51af153dbebcb5,충청북도_13,20,충청북도
1092,a018b82c0a32865b09e30dcd48b7d99e,서울특별시_71,10,서울특별시
1093,568af29bee04fa310cbd47e871c826b8,전라남도_22,23,전라남도
1094,d56106ee9cdae779ec47f8a802883c40,경상북도_73,18,경상북도
1095,014d789f86c1be0d141af61c9446c27b,경기도_102,4,경기도
1096,bbcb2c280b7ba74994148f0278371a9a,경기도_97,6,경기도
1097,d152874c7a37e5fa324fd802fa4e40f1,전라남도_41,5,전라남도
1098,fcc39cef073cfa95d8ca0078c7dda89e,충청남도_3,21,충청남도
1099,cf62fcc3f4434bbc6d87c22b48077817,서울특별시_36,27,서울특별시
1100,acdd0fbd483e27d8f302ea9f914bbab6,광주광역시_7,25,광주광역시
1101,03e5c7563353090e8b7569515103d173,경상남도_94,14,경상남도
1102,596c794b4e092dfea8e237fc01242b83,대전광역시_29,31,대전광역시
1103,85a7772ee95dbceb51ebd77945e63bbc,경상남도_76,89,경상남도
1104,abe41863df73082c5c24a9cdc7061990,부산광역시_106,46,부산광역시
1105,1c63ac1c85446f394ff95171b3352c03,충청남도_40,31,충청남도
1106,731d5fb5d31ee7b8b71b080e2fbc5ccb,인천광역시_3,1,인천광역시
1107,819bdb044b7b8cec408836b9ccb9d54b,부산광역시_17,14,부산광역시
1108,2405851dbcaaefb5112ff7b73786518c,서울특별시_16,7,서울특별시
1109,de526948e0fe755a59b6c73d361b4946,인천광역시_46,12,인천광역시
1110,e3268bbec669b3b88902f65a548d5064,경상남도_52,1,경상남도
1111,c75aa28b17f6bbd24f084284e95734ed,경상북도_51,2,경상북도
1112,823e08046949726936ac6d5ec803c3ff,서울특별시_18,11,서울특별시
1113,1a47b068b6f70ef4dfe2666654f59f7f,인천광역시_44,18,인천광역시
1114,9ebc1e5681285da4605d8d7c9a89b513,대구광역시_66,11,대구광역시
1115,18eb93a2efb00a4f7500bb419f661238,경기도_249,12,경기도
1116,d94bba504f1055d900a5c60d696b6209,울산광역시_22,33,울산광역시
1117,c0e73b7a7843ea2f0203b6428e0030a2,서울특별시_143,2,서울특별시
1118,9ea1741d7c565e12bb3357a26b6c5367,서울특별시_121,21,서울특별시
1119,d557a8549899bea49331c425a5ed11d4,서울특별시_142,11,서울특별시
1120,2d14233fb3ed4bcab7b5ab5bed648576,인천광역시_78,45,인천광역시
1121,39384fbabe00ba43f28326d64866b7ab,전라남도_29,7,전라남도
1122,45439db14f0db25cf874402daddadfc4,경상남도_63,19,경상남도
1123,42e03d91fc9082c976c34eb4057792a9,인천광역시_13,17,인천광역시
1124,730b6346ae9bfca27b5afd42a6df18d5,경기도_266,4,경기도
1125,315e057a7353908201340e0cd8086a9b,인천광역시_69,21,인천광역시
1126,943337ba1e2a748a4955d22b20128937,서울특별시_144,1,서울특별시
1127,1c69b6536b73c905e9b6003838bbe328,전라남도_31,4,전라남도
1128,f09ed0cdb0daec898ae3a695bf9f9669,경기도_289,1,경기도
1129,3d177a2321ce853b3a01dcf8e6dfbea9,경기도_282,42,경기도
1130,3baa0ca60e465a245530754f0aa229c2,경상북도_19,12,경상북도
1131,1f96c08c49db67bb8c6e710c4a1a96eb,광주광역시_32,2,광주광역시
1132,a9ea2eb4e58f79f3f63a05a1a2f30eb7,경기도_235,9,경기도
1133,c9cac09a854b0b66de5590558786abfa,부산광역시_73,15,부산광역시
1134,adc8b1ea9723d748031a358eb3ce8fcd,대구광역시_58,22,대구광역시
1135,0c0253c5e2b1c7553434f64bd73954e2,울산광역시_11,6,울산광역시
1136,dc0630adafcde07e8ce0152fb9716892,강원도_27,4,강원도
1137,0bdb58599ffe601087a11976a7e552ea,광주광역시_5,5,광주광역시
1138,f723b5ecad27d130fa4cdd70aea1edb8,경상북도_17,5,경상북도
1139,eda5ba2918ee7a7cb4afbb256429c8b0,경기도_65,21,경기도
1140,5f265c791b670288e8792d063856239b,충청남도_0,5,충청남도
1141,211882c76a732e59f4b6b15bc38088ac,대전광역시_24,1,대전광역시
1142,e40f457b7c2d0b72f3fb4b900fb4d1e0,경기도_106,7,경기도
1143,6c6512a7c6758d842bb6bd485307707f,대구광역시_71,3,대구광역시
1144,2edc8e9ec7b9f320e11d7413228474b5,전라남도_37,11,전라남도
1145,70b9851a499fe76de792ddd4a88b612c,경기도_31,463,경기도
1146,b5235cf84fd508050280c3e57c80a974,충청남도_38,1,충청남도
1147,09414f1645f22ccfceb180d13e2661c5,경기도_48,12,경기도
1148,83a9389f08b553dc9ff2148d838a2711,경기도_170,11,경기도
1149,c3c9ae44df238ce1aa5ee3cafea6fdfb,경상남도_31,3,경상남도
1150,cdf3d524a494da87c3e8a187c089c5b6,경기도_290,26,경기도
1151,f6c5424c645b401d17d18310ac62a3ff,부산광역시_85,1,부산광역시
1152,09b9edd5b8854b293d4051e51e016af8,경상남도_93,13,경상남도
1153,e6f6138712dde6f9920988c297acc311,제주특별자치도_12,52,제주특별자치도
1154,49fa9b177ca639caec8075360337fa27,제주특별자치도_2,3,제주특별자치도
1155,723f46f29f43e94efa6a8c09f205f194,대구광역시_35,3,대구광역시
1156,a875d80682625aac46ae2ba318348411,강원도_0,6,강원도
1157,0dddd012d2874f138253223118dc750c,전라북도_20,13,전라북도
1158,3528ae59d47a7560d74e07b6761dce94,경기도_222,19,경기도
1159,5949d2d1b2581b48b293986166e3903e,인천광역시_58,3,인천광역시
1160,6e5808d5e5da68740c1dac67fec4a258,서울특별시_91,1,서울특별시
1161,94925b92948c7a0340ceb8c6af55ef10,대구광역시_55,9,대구광역시
1162,c113acbeb389d9e891ca742dfa9fc272,서울특별시_100,48,서울특별시
1163,c4b6531f5c1f524014ccb3bf32af185c,서울특별시_19,37,서울특별시
1164,e21d899d0be15edee0efa33e4884d523,강원도_26,3,강원도
1165,c23d8f81043fa77b372c7d6ea970c612,인천광역시_47,5,인천광역시
1166,be6442b87f0c68761aa70f1256cfb6dd,충청남도_35,5,충청남도
1167,fc96b0fed220cce0c3749d497c01768b,경상남도_75,6,경상남도
1168,e9d3bb30ce7520eff4b9feef9dd2b8ca,울산광역시_21,8,울산광역시
1169,03622251de6d37eee63ec6ee3a27e7bd,대구광역시_34,5,대구광역시
1170,a24e9224dfa00ee358f1ac3274c96a1d,광주광역시_11,10,광주광역시
1171,13b7859d7f49a40d542ad1fb4a93a609,경기도_154,6,경기도
1172,5bc8653b778d973ee6302a138f7c198b,경상북도_68,6,경상북도
1173,2e860fdad99a39ffd84f89eca6e6cb2f,충청남도_27,2,충청남도
1174,71e291e8a4b268afd25ec12666e31abc,충청남도_5,2,충청남도
1175,fc2053c9b7b01f814d041f0db16eecaf,충청남도_22,3,충청남도
1176,b0c0f9e7d9d12c16e61dd75d1e1d4884,서울특별시_88,1,서울특별시
1177,c8660dae74871f7d5a719388ff9c3d3a,서울특별시_63,1,서울특별시
1178,c661eee101fe19fdafd61e230ee7b77b,전라북도_33,3,전라북도
1179,5328fdb6b14a2997c613d299d01d5701,경상북도_48,3,경상북도
1180,85dab8ab693984d4b80b9865290a507f,경기도_126,6,경기도
1181,4c4fcc6f5f39d4cb6af327b1d746c35d,충청남도_19,3,충청남도
1182,f2ffd4249e246da7166df4b16fe88fc8,충청남도_2,5,충청남도
1183,948d2f625530edcd88265faf1cd49c7f,인천광역시_57,2,인천광역시
1184,ee273c4996743311600f981641336974,경상남도_78,12,경상남도
1185,a8702a9ef71c36d63c6d02702e60ba48,전라북도_41,3,전라북도
1186,e3f34c398648a808f6754ee927c3d581,서울특별시_140,1,서울특별시
1187,f7b32a370869300ab9ebe1fa4f5abff2,충청북도_3,2,충청북도
1188,f1c30d063a3dfda21e40ca7d7451b1d8,서울특별시_42,6,서울특별시
1189,ab8aee405b08224d65b3d1fc1617c78c,경상북도_78,1,경상북도
1190,ed538e5c945b17e19d54b87c084a5bb5,강원도_2,5,강원도
1191,61a336f76fde4833903108c2cc03b583,경상북도_13,3,경상북도
1192,573e7353e77b203257f96ceecde28a69,경기도_153,1,경기도
1193,6855dce1353dbc36d7803ec3b948cc3c,nan_1,12,nan
1194,1eb9b31bbd180caa3f68ce7bf3e7282c,전라남도_10,1,전라남도
1195,f05289cf43617a4733082b2600beeb46,부산광역시_32,2,부산광역시
1196,386e15d80fa9eec68a4722bdb93fb39e,서울특별시_82,1,서울특별시
1197,f0f1f2379fe76841e3371ff6729308c1,전라남도_12,2,전라남도
1198,b5c8ebad9c0e01f41cbeeef768ec3df7,서울특별시_97,7,서울특별시
1199,875411bfb01952786aa3504fa91b2f41,경기도_253,2,경기도
1200,ace4e09be7a6983d7a5f39366f89f99f,경상남도_5,1,경상남도
1201,76c05d1b1f0c85ea04757d013fb568e8,부산광역시_98,1,부산광역시
1202,3514c74e4d58399f6a7a2c21bb8df0ef,인천광역시_64,43,인천광역시
1203,2e6dc4d16e72877786012fd20cae5fc4,대전광역시_21,3,대전광역시
1204,5aea85c4713d40eae97feb783334b0c5,광주광역시_41,3,광주광역시
1205,57dd373b170aefd5e9b772bca6ba9f6f,전라남도_11,2,전라남도
1206,00f451547026f45f75d5dcbe8c830b68,경상북도_39,4,경상북도
1207,c863760d85440ee4f8c74b38a00cc02e,울산광역시_12,1,울산광역시
1208,4ded6e64fbc96932b12a67fc74cb3540,서울특별시_92,1,서울특별시
1209,938dd892811c1c0aefafdef07cb7e1df,대구광역시_72,6,대구광역시
1210,51ee0417c06c522ce757e89729fabd69,부산광역시_95,2,부산광역시
1211,e5ba14779c156dea1e5279b018ef384d,광주광역시_33,7,광주광역시
1212,41a7ff366c64c301985f5d621bc0ca74,인천광역시_56,2,인천광역시
1213,b9c3ca2ff27a6c9b10667dc3eee9dc3f,경기도_108,3,경기도
1214,d8e10a5b49a9ca03ba0e438117bb418f,강원도_13,3,강원도
1215,c359b436c7e09e9a8a1f622e2705fdbb,강원도_8,5,강원도
1216,8b31a2fd8d47ec216972ebdba251194d,경기도_96,8,경기도
1217,95121f84432fb2c30b809c85d89e7fb2,대전광역시_26,1,대전광역시
1218,9320d9e952db6e351c6ca9080557c145,전라남도_43,1,전라남도
1219,5b29b63a32fdbcb94c55e49e5a6219cf,대구광역시_47,2,대구광역시
1220,ee2547be1fabb35f9e81bedd050257e2,서울특별시_85,1,서울특별시
1221,938936daad22fd89784ec81e8fe23378,강원도_28,1,강원도
1222,74a1aed1af38d7dbd22156dff398fa66,대구광역시_50,2,대구광역시
1223,b9b00269568f9d59ea78c4275e5b7f8d,광주광역시_38,1,광주광역시
1224,3cef7fd40883121dfebcea475367fc97,경기도_136,1,경기도
1225,82267084a46dbb08f414f564ab709c15,경기도_288,1,경기도
1226,7e04718670256aca34586975c73373e0,대구광역시_26,19,대구광역시
1227,6940b200a9deaf6af9fc41988c5d0a32,울산광역시_27,1,울산광역시
1228,62f631f4149f21c554436e241f30f4bc,인천광역시_37,3,인천광역시
1229,49dd510916f666217746165f09b49ada,제주특별자치도_3,1,제주특별자치도
1230,9b5e0f9047cee635fe620af690201426,경기도_209,1,경기도
1231,190764339dd82f6948597362354a2716,울산광역시_17,2,울산광역시
1232,00961fa8218bc0d9278bb08c304a4fde,울산광역시_20,1,울산광역시
1233,7e3e2d87d3b4c00aa1e5fba5f9877737,경기도_87,6,경기도
1234,92aa09c66453d69649049aafdd736445,부산광역시_45,3,부산광역시
1235,fafb6ca37e476f4f1e00e4a430995564,경기도_178,3,경기도
1236,a92cd0bb45b18844af4d7623bc07d4be,경상북도_57,2,경상북도
1237,6e265aa877bf33eee6f398591192be5f,인천광역시_62,1,인천광역시
1238,eb12c65f60f9b8984044c7bae4577bd4,서울특별시_93,1,서울특별시
1239,f6149856b904155dcaedaa629c3e14cc,경기도_328,2,경기도
1240,c249837d602c6174120a0fd882cab95c,서울특별시_73,2,서울특별시
1241,51727567626a1187b1bfdfa1f1d12e64,서울특별시_95,1,서울특별시
1242,ad72f86f5d00c39eab1a602f3b6f59a8,전라남도_21,4,전라남도
1243,e11da8a5727363fb9db8d80673ea8d7f,서울특별시_57,7,서울특별시
1244,ca96bd4afea8cfc1f0ef86670ddc73d5,충청북도_11,3,충청북도
1245,e3d73e573bdb085fc09347a6d967d75a,충청남도_23,2,충청남도
1246,cb82da03dbe20895d42c4f384e877051,부산광역시_25,9,부산광역시
1247,a7480f47a9b00f522dc677a2d2d0a2ca,경기도_112,2,경기도
1248,ddf38417bcbf9a37e7457f1141eb7c54,충청북도_10,2,충청북도
1249,cfc262ce7252620c8489162dae3a1284,충청북도_12,5,충청북도
1250,5e2e03f46a691045272a73204c0fdd40,경기도_109,1,경기도
1251,49503a93c014f384439240a6a98a649d,전라남도_15,1,전라남도
1252,4f0b21cdac47b14510754f509a56904a,대구광역시_51,1,대구광역시
1253,75c4e5791756b4c6639da8cf8f2f1def,충청남도_13,1,충청남도
1254,3ce3bae344282eb88136538f8605c00b,서울특별시_75,4,서울특별시
1255,5c4cbe437ab3de7358b983b5dbde8e78,경기도_101,1,경기도
1256,952133c823a6610ae2eed84b9827a346,경기도_161,2,경기도
1257,569a6be245f00e5093965a56e8ca7fa1,경기도_293,1,경기도
1258,60a7a73d9e3d3c9c70f0378621d05031,부산광역시_61,1,부산광역시
1259,07a2069b0287bbff50948e53c1a98f36,서울특별시_84,1,서울특별시
1260,29a7cc7c1fc67c1275efa72356b858c2,대구광역시_48,1,대구광역시
1261,932a6ab43c2b1cb738c1a67267a55e93,충청남도_30,1,충청남도
1262,141fa3c26405b52201ad27aaa3779079,경기도_180,1,경기도
1263,b24885ca86ecf8f5874a54232f628510,대구광역시_67,2,대구광역시
1264,13f666e3c612d2d808db87fbf52b449a,부산광역시_46,2,부산광역시
1265,ab5f6ee533ce2c454cfb55e72e740721,대구광역시_53,1,대구광역시
1266,0933460521c21b72c4e3a0a5c57a690a,서울특별시_154,1,서울특별시
1267,0fb8c308d34d829a80f3202d5414b600,서울특별시_96,1,서울특별시
1268,6e3b9b314b6b004768c0a525d306b36c,인천광역시_61,1,인천광역시
1269,fc5023050ee508bb9fb10dc9a94a3692,경상북도_53,1,경상북도
1270,4ee44ebeea77358eb72bb2cbf6a4e7a7,부산광역시_82,1,부산광역시
1271,d7ea9f82590ed74dd92e8c7c8526699c,충청남도_41,1,충청남도
