,store_addr,latlng,predicted_name
0,서울 영등포구 신길동1155,"('126.922874651726', '37.5070772373459')",모토익스 여의도센터
1,대덕구 중리동 394-16,"('127.422028942973', '36.362669276244')",3M썬팅 대전중리점
2,경남 창원시 성산구,"('128.682967465857', '35.2211288678557')",Unknown
3,전북 익산시 어곳2길,"('126.97779346089933', '35.969268937476954')",루마썬팅 익산원대로점
4,인천광역시 부평구 부평북로,"('126.695474338525', '37.5229675352837')",르노삼성자동차 인천사업소
5,서울특별시 노원구 월계로55길,"('127.05968514284014', '37.63173103792022')",Unknown
6,경기도 수원시 권선구,"('127.034639826416', '37.2506116761506')",Unknown
7,서울 서대문구 연희동353-100,"('126.92786115975', '37.562369390462')",레이노썬팅 신촌점
8,경기 안양시 동안구,"('126.970398096811', '37.4071259467104')",Unknown
9,중구 부사동 94-27,"('127.432975683346', '36.3169225230806')",오토라인
10,서울 서초구 서초동,"('127.025451462037', '37.4918978972426')",Unknown
11,경기도 광주시 대석동길,"('127.346547761017', '37.3521677271836')",레이노 곤지암점
12,경기도 부천시 석천로,"('126.7625774285141', '37.502900300361944')",기아 시청대리점
13,서울시 동대문구 한빛로,"('127.03062757826598', '37.57903965132468')",아이나비 동대문점
14,경기도 시흥시 신천로68번길,"('126.7869951020956', '37.43651004440935')",해성자동차용품
15,조치원읍 충현로 20,"('127.29932157206', '36.590917351575')",기흥상사
16,인천 계양구 작전동,"('126.733507522075', '37.532883972473')",현대자동차블루핸즈 작전점
17,경기도 안산시 단원구,"('126.578140125982', '37.2897054095316')",Unknown
18,유성구 노은동로75번길 26(노은동),"('127.322108274836', '36.3674214217803')",자동차멀티샵 차차차
19,경기도 안양시 동안구,"('126.970398096811', '37.4071259467104')",Unknown
20,인천광역시 서구 담지로8번길,"('126.660347263103', '37.5309230571283')",루마버텍스 인천엠파크점
21,경기도 남양주시 퇴계원면,"('127.143417842024', '37.647512686393')",현대자동차블루핸즈 이화자동차정비센타
22,서울특별시 노원구 공릉로,"('127.071933901703', '37.6363913106741')",기아오토큐 하계점
23,경기도 평택시 청룡길,"('127.125618311812', '37.0266149010914')",에이스지프
24,경기도 시흥시 월곶중앙로46번길,"('126.740836863796', '37.3893802601826')",현대자동차블루핸즈 월곶점
25,청주시 상당구 무심동로,"('127.488873951009', '36.6313822321911')",Unknown
26,유성구 노은동로 90(노은동),"('127.323677271956', '36.3685193171694')",메이저카 대전유성구점
27,경북 경주시 양정로,"('129.223911214576', '35.8608731391976')",쉐보레 경주용강지정서비스
28,충북 청주시 흥덕구,"('127.388789855209', '36.6199207946077')",Unknown
29,서울시 금천구 시흥대로,"('126.89858353916925', '37.452285649935135')",기아오토큐 시흥서비스센터
30,인천광역시 서구 원당대로301번길,"('126.635106279773', '37.5880968158728')",그린커스텀
31,인천광역시 서구 서곶로,"('126.6774390327985', '37.54791601566275')",기아오토큐 연희점
32,서울 강동구 성내동,"('127.126558341824', '37.5279991533882')",기아오토큐 강동종합서비스
33,인천광역시 부평구 장제로,"('126.730441599685', '37.5020267449048')",현대자동차블루핸즈 부평점
34,경기도 성남시 수정구,"('127.08086767385282', '37.434521776864386')",Unknown
35,경기도 성남시 중원구,"('127.171933825367', '37.4631450829918')",Unknown
36,인천광역시 남동구 인주대로850번길,"('126.73278310671627', '37.44790765030785')",스파이 만수점 퍼펙트카
37,광주시 북구 설죽로,"('126.89758621527321', '35.17955395194659')",현대자동차블루핸즈 용봉점
38,인천광역시 계양구 봉오대로,"('126.753984088708', '37.5306110344097')",GS칼텍스 계산신도시주유소
39,인천 남구 주안동,"('126.680076629649', '37.4655401259639')",Unknown
40,대구시 북구 동암로,"('128.555901911093', '35.9448933782497')",Unknown
41,전북 전주시 완산구,"('127.152557091072', '35.8148243087693')",Unknown
42,경기도 부천시 원미구,"('126.747190677102', '37.4905921890433')",맥심중고차 원미구점
43,경기도 부천시 오정구,"('126.796416280098', '37.5282771232696')",Unknown
44,경기 부천시 신흥로69,"('126.77729644209', '37.4899995463841')",태성모터스
45,대구시 동구 신암남로,"('128.6291502788966', '35.88122774734022')",Unknown
46,서울 동작구 대방동23-123,"('126.932245201623', '37.5106185259097')",루마버텍스 동작구대방점
47,경기 양주시 삼숭동,"('127.096139787444', '37.8059261793741')",기아오토큐 우성자동차공업사
48,대구 동구 입석동,"('128.643065176293', '35.893156615512')",BMW모토라드 대구
49,서울시 송파구 한가람로,"('127.113810564329', '37.5368779728288')",루마썬팅 송파풍납1호점
50,서울 영등포구 양평동3가,"('126.892371207628', '37.5340654397589')",KCar 영등포직영점
51,경남 창원시 마산회원구,"('128.53546542764', '35.2100184510379')",Unknown
52,서울시 강서구 공항대로53길,"('126.860277055929', '37.5549926610086')",3M썬팅 등촌점
53,경기도 안산시 상록구,"('126.83974811260443', '37.273715528519375')",Unknown
54,대전시 유성구 복용동,"('127.31695610100728', '36.33890395736551')",루마버텍스 대전오토월드점
55,서울시 동대문구 사가정로,"('127.05621791679971', '37.57677955484837')",현대자동차블루핸즈 전농점
56,부산광역시 사상구 새벽로,"('128.9835175534336', '35.15813698788906')",기아오토큐 괘법점
57,강원도 태백시 오투로,"('128.981408705182', '37.1799284979479')",한국타이어 타이어타운 황지점
58,부산 사하구 장림동,"('128.9632405450276', '35.07397221266903')",Unknown
59,경기 고양시 일산서구,"('126.754312921559', '37.6646969089792')",Unknown
60,경기도 성남시 분당구,"('127.128210618758', '37.4118319368872')",Unknown
61,울산시 북구 진장24길,"('129.359620774272', '35.5653289844899')",루마썬팅 울산북구1호점
62,서울시 영등포구 신풍로,"('126.91923230599171', '37.500208241397566')",쉐보레 신길바로서비스
63,경기도 용인시 처인구,"('127.20074617668577', '37.29412626352181')",Unknown
64,서울 송파구 거여동42-18,"('127.145404606884', '37.4945790509416')",루마버텍스 송파거여점
65,인천광역시 연수구 동곡재로,"('126.6726772488274', '37.414606139476376')",현대자동차블루핸즈 연수점
66,인천광역시 남구 경원대로793번길,"('126.689409025133', '37.4535059211212')",식스카팩토리
67,인천광역시 부평구 평천로,"('126.707526455136', '37.5189362881127')",현대자동차블루핸즈 청천점
68,서울시 도봉구 도봉로,"('127.050185552588', '37.683459031017')",기아오토큐 도봉서비스센터
69,경북 경주시 황성동,"('129.219213071556', '35.8745062884582')",현대자동차블루핸즈 경주현대서비스
70,광주광역시 서구 칠성로,"('126.862932715332', '35.1666753599719')",아지트실내셀프세차장
71,부산광역시 동래구 여고로,"('129.067431481052', '35.1952743001172')",현대자동차블루핸즈 사직점
72,대전시 동구 한밭대로,"('127.437195959582', '36.3555711822419')",MINI 도이치모터스 대전전시장
73,경북 김천시 시청로,"('128.117549273127', '36.1402553259204')",르노삼성자동차 지정정비코너 김천점
74,경기 남양주시 금곡동185-21,"('127.214534108813', '37.6353136064424')",KS상사
75,경북 경산시 대학로,"('128.737204036556', '35.8337739182395')",GS칼텍스 세왕주유소
76,인천광역시 남동구 논현고잔로110번길,"('126.713838945473', '37.3930266074481')",루마버텍스 인천고잔점
77,인천광역시 서구 열우물로,"('126.68710070243475', '37.48128330199669')",기아오토큐 서인천서비스
78,경기 성남시 중원구,"('127.171933825367', '37.4631450829918')",Unknown
79,경기 성남시 분당구,"('127.128210618758', '37.4118319368872')",Unknown
80,서울 강북구 미아동,"('127.008119369295', '37.6208655377593')",Unknown
81,서울특별시 서초구 반포대로23길,"('127.00831315309', '37.4892117397066')",Unknown
82,대구시 달서구 달서대로,"('128.508392808613', '35.8153518014403')",대영주유소
83,511-2,"(37.643166, 127.0698473)",대한민국 서울특별시 노원구 중계2.3동 511-2
84,부산시 사상구 학장로,"('128.984474962281', '35.1426643100695')",현대자동차블루핸즈 학장점
85,경기도 김포시 양곡1로2번길,"('126.62497696519', '37.6511032345316')",블러드오토
86,서울특별시 서초구 마방로4길,"('127.040580584998', '37.4740032410122')",스카이네비
87,부산시 동래구 명륜로,"('129.084093361566', '35.1989464405011')",르노삼성자동차 동래사업소
88,서울 강남구 신사동,"('127.039152029523', '37.5267558230172')",Unknown
89,동구 우암로 49,"('127.424210265471', '36.3359183214984')",3M썬팅 삼성점
90,경기도 화성시 동탄반송1길,"('127.063308347709', '37.2106329730765')",소낙스 경기동탄점
91,인천서구 원당대로 640-1,"('126.67207034858', '37.5934238230526')",에이스덴트칼라
92,대전시 동구 대전시로,"('127.420461238092', '36.342985969755')",Unknown
93,경기도 하남시 서하남로,"('127.172795082194', '37.5171141198526')",현대자동차블루핸즈 서하남로점
94,부산광역시 남구 조각공원로,"('129.10109173975', '35.1305947711022')",시티원모터스
95,강원도 속초시 먹거리9길,"('128.576569287524', '38.1953335057796')",루마버텍스 속초교동점
96,속초시 교동 804-9,"('128.571641533912', '38.1995253359113')",속초카뱅크
97,울산광역시 북구 진장7길,"('129.358171527604', '35.567202706932584')",경영산업
98,경기도 부천시 조마루로,"('126.755610003369', '37.5010795789638')",스피드메이트 상동점
99,울산시 남구 화합로,"('129.339503110849', '35.5453466055691')",현대자동차블루핸즈 현대종합정비
100,서울시 서초구 반포대로18길,"('127.010845602823', '37.4864904902738')",루마버텍스 서초남부점
101,경기 오산시 오산동162-3,"('127.079350525448', '37.1502670664582')",3M썬팅 오산점
102,자동차시장1길 97 236-8,"('127.06839285729', '37.5603317636201')",대영차유리
103,유성구 유성대로 626번길,"('127.32891499659', '36.3495812351231')",순정디테일링
104,인천시 부평구 마장로,"('126.702614873599', '37.4955592437274')",팔도 주유소
105,충남 서산시 석림동,"('126.46366026129292', '36.77595852337854')",기아오토큐 석림점
106,주교동584-10,"('126.835266070089', '37.6591678769179')",스파이스피드 원당점
107,부산 연제구 거제동740-95,"('129.069510183147', '35.1804526051612')",에라카사운드
108,경남 창원시 의창구,"('128.609416855908', '35.3546520564984')",Unknown
109,경기 의왕시 오전동314-12,"('126.972252650047', '37.3521891313683')",아이나비공식대리점 의왕점
110,서울특별시 강남구 신사동151길,"('127.026927157809', '37.5203368971237')",소낙스 서울신사점
111,,"(0, 0)",Unknown
112,광주 남구 송하동,"('126.877847731592', '35.1137957961376')",현대자동차 광주서비스센터
113,충남 천안시 서북구,"('127.135694066293', '36.8325085040351')",Unknown
114,경기 광명시 광명동,"('126.845963682973', '37.4798132172894')",Unknown
115,광주시 광산구 임방울대로,"('126.84906239762265', '35.21728340956049')",Unknown
116,경상남도 진주시 모덕로,"('128.11531842706', '35.188426889025')",현대자동차블루핸즈 상대점
117,대전시 유성구 노은동로,"('127.318930440683', '36.3674443658318')",타이어프로 노은점
118,경기도 안양시 만안구,"('126.939453784593', '37.435892664613')",Unknown
119,인천시 미추홀구 한나루로458번길,"('126.668087790202', '37.4476634820056')",루마썬팅 인천학익점
120,경북 김천시 부곡동,"('128.09655970528593', '36.12848011261002')",나들목주유소
121,경북 포항시 남구,"('129.56973687334', '36.0780561712913')",Unknown
122,대구광역시 남구 명덕로,"('128.587027371314', '35.8565165170489')",도원주유소
123,인천광역시 서구 청라에메랄드로149번길,"('126.655647421695', '37.5383444706164')",차스킨
124,홍천군 홍천읍 진리,"('127.892694679447', '37.6927331850958')",세방주유소
125,경기도 부천시 평천로,"('126.761631062314', '37.515277270599')",현대오일뱅크직영 중동대로셀프주유소
126,경기도 부천시 경인로1185번길,"('126.751943089103', '37.4868720996706')",루마버텍스 부천송내역점
127,서울시 노원구 수락산로,"('127.070580623433', '37.666967878294')",현대자동차블루핸즈 상계서부점
128,인천광역시 남동구 문화로169번길,"('126.698430939948', '37.4550141511035')",브이쿨 간석1호점 류카
129,인천시  남동구,"('126.702000426952', '37.4452598554405')",Unknown
130,경기 시흥시 대야동,"('126.783115069624', '37.4505434752395')",Unknown
131,부산광역시 금정구 무학송로,"('129.093569755817', '35.2421929848829')",현대모비스 대양상사
132,경기도 부천시 소안로,"('126.803461925277', '37.4817684213497')",루마썬팅 부천소사점
133,인천 남동구 석정로,"('126.690830746852', '37.4661490006576')",한성가스충전소
134,전북 익산시 마동,"('126.957430628043', '35.938284195024')",르노삼성자동차 서비스코너 중앙점
135,경기 안산시 단원구,"('126.578140125982', '37.2897054095316')",Unknown
136,서울시 강서구 방화대로,"('126.817156378437', '37.5724563141792')",기아오토큐 방화점
137,인천 남동구 고잔로1,"('126.715616644431', '37.3959610108664')",소낙스 인천남인천점
138,인천광역시 남동구 인주대로,"('126.712126779316', '37.4497323445133')",BMW 바바리안모터스 인천전시장
139,경북 문경시 모전로,"('128.18906903123033', '36.594381782691315')",현대자동차블루핸즈 모전점
140,인천 남동구 구월동,"('126.702000426952', '37.4452598554405')",Unknown
141,충북 제천시 장락동,"('128.228402106951', '37.1564336083673')",현대자동차블루핸즈 첨단공업
142,대구시 달서구 달구벌대로,"('128.527773091415', '35.8495528387069')",Unknown
143,경남 사천시 사천읍,"('128.093752556738', '35.0838340057676')",Unknown
144,서울시 관악구 봉천로,"('126.945494404874', '37.4825968712886')",현대자동차블루핸즈 관악정비센터
145,전남 순천시 풍덕동,"('127.4941001532353', '34.94108209874331')",기아오토큐 풍덕점
146,서울 금천구 시흥동,"('126.925012344183', '37.4504087407698')",Unknown
147,경기 수원시 권선구,"('127.034639826416', '37.2506116761506')",Unknown
148,대구시 수성구 달구벌대로,"('128.639295157571', '35.8591884632556')",Unknown
149,경기 김포시 양촌읍,"('126.6137720344251', '37.655274646313124')",Unknown
150,서울시 송파구 중대로,"('127.132760684906', '37.5065484761674')",기아오토큐 오금점
151,대구시 북구 학정로,"('128.55058895715223', '35.91793333825386')",현대자동차블루핸즈 태전점
152,경기 남양주시 화도읍,"('127.347685844373', '37.6303509014602')",Unknown
153,충청북도 청주시 서원구,"('127.479155920795', '36.609733294749')",Unknown
154,춘천시 영서로 2434번길,"('127.712499477252', '37.8762496665971')",종원자동차정비공장
155,경기 시흥시 조남동,"('126.85736387709207', '37.381324856319104')",목감행복주유소
156,서울 은평구 역촌동,"('126.919693088111', '37.6009915063151')",기아오토큐 역촌점
157,경기도 광주시 광주대로,"('127.260828054589', '37.4110127666636')",르노삼성자동차 서비스코너 경기광주점
158,경기 여주시 홍문동,"('127.63976849482', '37.2902382849494')",기아오토큐 여주남부점
159,강릉시 노암동 585-3,"(37.7423437, 128.8977611)",대한민국 강원도 강릉시 노암동 585-3
160,경북 경산시 진량읍,"('128.837453466548', '35.861586693741')",Unknown
161,경기 여주시 상동,"('127.641067395291', '37.295525665871')",제일주유소
162,인천시 남동구 경인로,"('126.71099144219524', '37.4786879896376')",현대자동차블루핸즈 간석점
163,경기도 오산시 청학로,"('127.065040564891', '37.1549612897089')",현대자동차블루핸즈 청학점
164,전남 순천시 백강로,"('127.522375064621', '34.9415118471291')",GS칼텍스 동부주유소
165,서울특별시 광진구 긴고랑로,"('127.084700914894', '37.5611969592364')",기아오토큐 중곡점
166,서울시 금천구 시흥동,"('126.925012344183', '37.4504087407698')",Unknown
167,경기도 용인시 기흥구,"('127.1197995844', '37.2596098203239')",Unknown
168,청주시 흥덕구 무심서로,"('127.470239170074', '36.6587866340305')",쌍용자동차 청주정비사업소
169,중구 대종로 360(부사동),"(36.3186388, 127.431988)",대한민국 대전광역시 중구 부사동 89-6
170,충주시 금봉대로 740(연수동),"('127.946770746127', '36.9727340891025')",르노삼성자동차서비스 조운
171,경기도 광명시 광명로,"('126.850969736646', '37.4685281893237')",기아오토큐 광명점
172,전라남도 순천시 매안1길,"('127.552949416028', '34.9270022446756')",매직덴트
173,경기 파주시 문발동,"('126.699949673334', '37.7235885015948')",기아오토큐 신화모터스
174,광주시 서구 매월1로,"('126.857665514266', '35.1128183317119')",풍암자동차매매2단지
175,서울 강남구 개포동1229-7,"('127.04576011302', '37.4769854931137')",3M썬팅 개포점
176,전라북도 전주시 덕진구,"('127.144388934126', '35.8552035317834')",Unknown
177,전북 전주시 덕진구,"('127.144388934126', '35.8552035317834')",Unknown
178,부산광역시 서구 보수대로,"('129.018965513105', '35.1150122728265')",기아오토큐 서대신점
179,서울시 서대문구 증가로,"('126.91192977088458', '37.583209401102444')",기아오토큐 가좌점
180,경북 안동시 경동로,"('128.70678787110054', '36.5690687616057')",현대자동차블루핸즈 태화점
181,인천시 부평구 경인로,"('126.74515876464666', '37.48491959690571')",GS칼텍스 동양7주유소
182,경기도 과천시 중앙로,"('126.998101405082', '37.4482016043512')",기아오토큐 과천점
183,울산시 남구 번영로,"('129.3296964957402', '35.53266222814662')",기아 달동대리점
184,서울시 강북구 덕릉로,"('127.021543796482', '37.6344038768046')",국제가스공업
185,울산광역시 중구 염포로,"('129.346969070981', '35.5604653067923')",동부주유소
186,전라북도 전주시 완산구,"('127.152557091072', '35.8148243087693')",Unknown
187,서울시 동작구 상도로,"('126.954744816121', '37.4945625560816')",현대자동차블루핸즈 상도점
188,전북 정읍시 충정로,"('126.86407112894508', '35.565027591461366')",초이스주유소
189,강원도 화천군 옹기점길,"('127.699102666858', '38.113996457067')",타이어테크플러스 화천본점
190,경북 구미시 산업로,"('128.334995465543', '36.1320956207278')",스피드메이트 원평점
191,대전시 유성구 관들1길,"('127.388831088986', '36.4255609005828')",루마버텍스 대전테크노점
192,부산광역시 북구 만덕대로,"('129.04023663725008', '35.21339934721949')",삼보주유소
193,경기도 화성시 남양만로,"('126.79601782159732', '37.02735038193579')",대경TLS대경주유소
194,인천광역시 남동구 백범로,"('126.70446992213516', '37.46730114821553')",기아오토큐 간석점
195,서울특별시 관악구 조원로,"('126.9117008425531', '37.48456407334285')",기아오토큐 신림서부점
196,경기 평택시 안중읍,"('126.965229616788', '36.964703410083')",Unknown
197,전남 여수시 쌍봉로,"('127.67039517771', '34.7651271266686')",우리주유소
198,부산시 북구 금곡대로,"('129.006308841024', '35.2184426372832')",기아오토큐 수정자동차정비
199,부산시 수영구 과정로,"('129.106774078051', '35.1790204939193')",스피드메이트 연산토곡점
200,원주시 명륜로 10,"('127.94819695572345', '37.33742792411699')",유진모터스
201,부산광역시 사하구 을숙도대로,"('128.96525231688102', '35.08412757412879')",KCar 서부산직영점
202,경북 예천군 호명면,"('128.459464349693', '36.5978664605975')",Unknown
203,전북 부안군 오리정로,"('126.72911732463', '35.7234439134078')",기아오토큐 부안점
204,경기도 화성시 삼천병마로,"('126.950360771642', '37.221862960715')",현대자동차블루핸즈 봉담남부점
205,인천광역시 미추홀구 인주대로330번길,"('126.672799162875', '37.4505238108744')",솔라가드노블레스 주안점
206,인천광역시 남구 주안로193번길,"('126.69161126224522', '37.464363440281424')",조이앤카 인천점
207,속초시 조양동 1328-5,"('128.59576421051625', '38.18697037985245')",설악차유리
208,서울 서초구 반포대로79,"('127.009262717836', '37.487175391158')",MINI 코오롱모터스 서초전시장
209,대구시 수성구 국채보상로,"('128.63857144034105', '35.86662101024161')",현대자동차블루핸즈 만촌동부점
210,경남 합천군 대야로,"('128.1640671573945', '35.57149780376977')",현대자동차블루핸즈 합천점
211,서울특별시 강동구 양재대로124길,"('127.146093695732', '37.5423736823456')",길동썬팅
212,울산시 북구 진장유통로,"('129.359023239066', '35.577140825793')",Unknown
213,서울시 강동구 양재대로124길,"('127.146093695732', '37.5423736823456')",길동썬팅
214,경북 구미시 인동남길,"('128.4264202199712', '36.09805570973997')",기아오토큐 인동점
215,대전 서구 변동,"('127.382218236643', '36.3248313157898')",현대자동차블루핸즈 변동점
216,경북 구미시 야은로,"('128.338700021184', '36.1325444874234')",SK행복충전 SK지산LPG충전소
217,부산 사상구 모라동985-1,"('128.98911259213', '35.1894781513786')",Unknown
218,경기 시흥시 정왕동,"('126.693593551653', '37.3429619031973')",Unknown
219,경기도 하남시 감북로,"('127.16341741828', '37.5158912910464')",Unknown
220,울산시 북구 진장로,"('129.357269474725', '35.5668275001306')",현대모비스 카페호야점
221,인천광역시 계양구 서운산업로,"('126.757651346954', '37.5300960372311')",KTS트럭버스전문점 서운점
222,경기도 고양시 덕양구,"('126.950880356767', '37.6624378243397')",Unknown
223,경기 용인시 기흥구,"('127.1197995844', '37.2596098203239')",Unknown
224,서울시 서초구 효령로,"('127.02328123128042', '37.48736717716529')",현대자동차블루핸즈 서초서부점
225,경기도 광주시 이배재로,"('127.204687611198', '37.4320151615344')",성동주유소
226,인천시 부평구 장제로,"('126.730441599685', '37.5020267449048')",현대자동차블루핸즈 부평점
227,경기도 수원시 장안구,"('127.011795743342', '37.2869569586225')",Unknown
228,인천광역시 계양구 봉오대로676번길,"('126.724061668774', '37.5294745245788')",Unknown
229, ,"(0, 0)",Unknown
230,광주광역시 광산구 사암로,"('126.82269828305', '35.2165545326711')",타이어뱅크 북광주점
231,충남 부여군 성왕로,"('126.928066890917', '36.2842509226687')",현대자동차블루핸즈 부여점
232,서울 도봉구 방학동,"('127.024566580913', '37.6623121480637')",Unknown
233,인천광역시 부평구 장제로381번길,"('126.730764349092', '37.5204836019624')",제이앤비광택
234,경기도 고양시 일산동구,"('126.819453404114', '37.689905033742')",Unknown
235,경기도 평택시 지산로,"('127.05837661533843', '37.079287961700715')",기아 지산대리점
236,서울시 강동구 상암로,"('127.144469130493', '37.5466437112884')",현대자동차블루핸즈 명일점
237,제천시 화산동 919(내토로,"('128.21368353549744', '37.12719086816011')",JJ모터스
238,전북 군산시 경포천로,"('126.727276122617', '35.9723515306432')",루마썬팅 군산경장점
239,경기도 포천시 호국로,"('127.170780773161', '37.8608502722298')",현대자동차블루핸즈 포천점
240,제주도 제주시 연삼로,"('126.523598042403', '33.4926965270747')",기아오토큐 도남점
241,충남 아산시 충무로92-1(권곡동),"('127.007107582726', '36.789202627838')",기아자동차유리
242,전북 익산시 모현동1가,"('126.939820745428', '35.9471773270373')",기아 마한대리점
243,부산시 사하구 괴정로,"('128.97074631565664', '35.10208736108465')",르노삼성자동차 지정정비코너 사하점
244,강원도 원주시 치악로,"('127.96569479084', '37.3196745728328')",르노삼성자동차서비스 원흥산업
245,경북 영주시 시청로2번길,"('128.626070884282', '36.8069127926299')",루마버텍스 영주점
246,경기도 양주시 평화로,"('127.05320984055165', '37.83347132348532')",기아오토큐 양주자동차정비공업사
247,경기도 시흥시 옥구공원로,"('126.732761076488', '37.3446895237131')",루마버텍스 시화정왕점
248,서울 도봉구 창동,"('127.049684343333', '37.6526673397818')",Unknown
249,경북 구미시 오태동,"('128.3507701346434', '36.07673918151982')",KCar 구미직영점
250,대구시 서구 팔달로,"('128.5635944985039', '35.88921013335277')",현대자동차 만평대리점
251,경기 화성시 능동,"('127.062932022752', '37.213282260495')",기아오토큐 동탄점
252,대구광역시 달서구 평리로,"('128.532271892558', '35.8585503352104')",3M썬팅 용산점
253,대구시 동구 화랑로,"('128.676883451622', '35.8748250892734')",미니에너지직영주유소
254,인천시 미추홀구 구월로,"('126.693387743538', '37.4578267399558')",루마버텍스 인천석바위점
255,홍천군 홍천읍 산림공원1길,"('127.895401424103', '37.6915414290464')",3M썬팅 주공점
256,경기 용인시 처인구,"('127.20074617668577', '37.29412626352181')",Unknown
257,서울시 성동구 광나루로6길,"('127.064713589659', '37.5462097956182')",루마버텍스 성동점
258,대구시 달서구 월배로,"('128.533334589865', '35.8178405803881')",Unknown
259,광주시 광산구 사암로,"('126.82269828305', '35.2165545326711')",타이어뱅크 북광주점
260,울산시 남구 삼호로,"('129.278070078034', '35.5479471227597')",르노삼성자동차 서비스코너 무거점
261,경기도 시흥시 정왕동,"('126.693593551653', '37.3429619031973')",Unknown
262,춘천시 동면 만천로,"('127.758980015844', '37.8822692878619')",새만천주유소
263,대구시 서구 옥산로,"('128.580652745115', '35.8853470861818')",루마썬팅 대구서구북구청점
264,대구시 달서구 구마로,"('128.5356229164404', '35.83772242445554')",현대자동차블루핸즈 본리점
265,청주시 서원구 궁뜰로,"('127.477574108014', '36.5997298558202')",궁민1급자동차공업사
266,경기도 김포시 김포대로,"('126.66517750528546', '37.65894556851357')",KCAR 김포지점
267,경남 창원시 진해구,"('128.685630440299', '35.1471878451042')",Unknown
268,부산시 부산진구 전포대로,"('129.06565489215143', '35.15700899161649')",르노삼성자동차 지정정비코너 서면점
269,서울시 중구 다산로29길,"('127.012993267518', '37.5610103873374')",루마버텍스 신당점
270,서울시 용산구 한강대로39길,"('126.968080767972', '37.5311341643345')",루마버텍스 용산역점
271,경기 고양시 일산동구,"('126.819453404114', '37.689905033742')",Unknown
272,부산광역시 동래구 여고로127번길,"('129.076313828656', '35.1991990897164')",현대모비스 충북상회
273,경기도 화성시 영통로,"('127.063616002624', '37.2335626882703')",타이어뱅크 신영통점
274,인천시 연수구 벚꽃로,"('126.67670990725456', '37.41810984056127')",현대자동차 연수중앙대리점
275,전남 무안군 동문밖길,"('126.482529557683', '34.9929545141385')",오토카인테리어
276,부산 사상구 사상로,"('128.98252130101', '35.1632503538067')",Unknown
277,인천광역시 서구 염곡로,"('126.66873691392', '37.5095427533382')",기아오토큐 석남점
278,전남 순천시 해룡면,"('127.523372004947', '34.8495337447435')",Unknown
279,경기 안성시 금산동73-3,"('127.267950290413', '37.0164129697278')",카뷰티
280,인천 연수구 옥련동,"('126.64527010212248', '37.43198646740943')",현대자동차블루핸즈 송도현대모터스
281,인천시 미추홀구 석정로,"('126.682799965749', '37.4662790858163')",현대자동차블루핸즈 주안서부점
282,전남 순천시 충효로,"('127.51473984652903', '34.94779910791113')",기아 연향대리점
283,경기도 하남시 덕풍동로,"('127.207725785373', '37.5500019967612')",소낙스 미사하남점
284,서울특별시 마포구 동교로19길,"('126.916478546781', '37.5590750513158')",Unknown
285,강릉시 포남동 1168,"('128.90981986615', '37.7684918162546')",종일썬팅
286,부산광역시 북구 낙동대로1738번길,"('128.99984316501977', '35.208959446473166')",오토박스 북구점
287,경남 창원시 성산구봉양로397(신촌동),"('128.627716896498', '35.2090150017421')",현대자동차 창원서비스센터
288,서울 영등포구 문래동1가,"('126.901521130002', '37.5141108218537')",레인보우M&C카나
289,대구시 달서구 월곡로99길,"('128.522384213545', '35.8335374029222')",루마썬팅 대구달서월성점
290,서울 서대문구 충정로3가,"('126.960502281101', '37.564435490138')",현대자동차블루핸즈 충정로점
291,마포구 용강동 494-53,"('126.938973542628', '37.54294293373')",3M썬팅 용강점
292,부산 사상구 감전동,"('128.9885049426786', '35.14993470364558')",기아오토큐 부산서비스센터
293,인천 남동구 간석동,"('126.70446992213516', '37.46730114821553')",기아오토큐 간석점
294,경기 평택시 용이동,"('127.142729409943', '36.996315665934')",GS칼텍스 현대주유소
295,충남 당진시 덕평로,"('126.765621152356', '36.8418417584563')",세류주유소
296,경기도 파주시 중앙로,"('126.795768495746', '37.7503720010408')",신흥주유소
297,부산시 기장군 용수로,"('129.17417685724', '35.3283351421707')",기아오토큐 정관점
298,경기도 남양주시 오남읍,"('127.2733306545', '37.6802193912362')",Unknown
299,경기 군포시 금정동,"('126.943530853222', '37.3632723613014')",현대자동차블루핸즈 금정점
300,인천광역시 서구 원당대로,"('126.671890752456', '37.5940972629338')",르노삼성자동차 서비스코너 마전점
301,광주광역시 광산구 소촌로,"('126.79384778436187', '35.1489757772341')",기아오토큐 소촌점
302,경남 사천시 삼상로,"('128.077558508208', '34.9333960624219')",합동주유소
303,울산시 북구 번영로,"('129.35619887308428', '35.57003455399552')",투에이치모터스
304,충북 청주시 서원구,"('127.479155920795', '36.609733294749')",Unknown
305,부산시 금정구 중앙대로1826번길,"('129.09305342901', '35.2474033250259')",루마버텍스 부산금정구서점
306,서울특별시 강동구 천호대로,"('127.125544426166', '37.5386464570613')",Unknown
307,서울 서초구 서초동1506-36,"('127.00646887795952', '37.48864692318143')",서초썬팅
308,부산 북구 구포동,"('128.996173598948', '35.2061777413246')",Unknown
309,경기도 화성시 주석로,"('126.86239962771373', '37.202409158847416')",현대자동차블루핸즈 남양공업사
310,경기도 오산시 오산로,"('127.066305058355', '37.1385324651983')",르노삼성자동차서비스 경오자동차공업사
311,충청남도 천안시 동남구,"('127.298293378855', '36.7601265658988')",Unknown
312,경기 남양주시 오남읍,"('127.2733306545', '37.6802193912362')",Unknown
313,조치원읍 행복길 7,"('127.290522308974', '36.6033892766972')",세종 멀티샵
314,대구시 달서구 성서로,"('128.515662042784', '35.8331681999207')",성서SK주유소
315,광주시 북구 하남대로,"('126.874063934972', '35.1717674938885')",GS칼텍스직영 클릭주유소
316,경상남도 창원시 의창구,"('128.609416855908', '35.3546520564984')",Unknown
317,전남 여수시 좌수영로,"('127.703594811552', '34.7669877681135')",기아오토큐 여수자동차공업사
318,경남 진주시 송백로,"('128.143392710118', '35.1836694064825')",소낙스 경남충무공동점
319,인천시 서구 서곶로,"('126.6774390327985', '37.54791601566275')",기아오토큐 연희점
320,인천광역시 서구 봉수대로,"('126.662854742928', '37.4895959439381')",KCar 인천직영점
321,경기도 김포시 석모로,"('126.64939655756298', '37.650944983988296')",기아오토큐 김포서비스
322,부산시 연제구 연동로8번길,"('129.0909047055778', '35.18966426172386')",루마썬팅 부산연산점
323,충청남도 서산시 서해로,"('126.460298384548', '36.7723244801439')",현대자동차블루핸즈 석림점
324,경북 경산시 경산로,"('128.72219733875508', '35.83444502962639')",SK LPG충전소 SK행복충전경산VIP충전소
325,충북 진천군 문화로,"('127.44325235672', '36.8641992324693')",타이어뱅크 진천중앙점
326,충남 보령시 매방아2길,"('126.607074456982', '36.3475459021861')",루마썬팅 충남보령점
327,경기도 화성시 오래4길,"('126.954670038242', '37.2207762216166')",Unknown
328,경남 진주시 상대로,"('128.119916836335', '35.1846206319014')",루마썬팅 동진주점
329,구미시 도량동 314,"('128.317204827917', '36.1382617665835')",브이쿨 구미도량점
330,서울특별시 동대문구 정릉천동로,"('127.0360394566192', '37.575349452596676')",Unknown
331,경기도 화성시 동탄치동천로3길,"('127.12380340472', '37.2042778426126')",워시아지트 동탄점
332,대전시 중구 충무로,"('127.432311338559', '36.3200285846146')",현대오일뱅크 충무주유소
333,충북 제천시 동현동,"('128.220454307451', '37.1303505560024')",기아오토큐 동현점
334,서울시 송파구 삼전로,"('127.087082284458', '37.5028283846933')",기아오토큐 삼전점
335,서울시 성동구 고산자로,"('127.038147394094', '37.5710852825027')",현대자동차블루핸즈 대명자동차공업
336,서울특별시 용산구 대사관로34길,"('127.00655730305', '37.530048985036')",미쉐린타이어 한남점
337,원주시 앙월길5 1층(단구동),"(0, 0)",Unknown
338,경기도 김포시 북변중로,"('126.71358998465685', '37.623469860019966')",타이어프로 김포사우점
339,광주시 북구 자동차로,"('126.900554763614', '35.1606189007436')",띠띠빵빵광주썬팅네비게이션블랙박스
340,인천광역시 남동구 경인로,"('126.71099144219524', '37.4786879896376')",현대자동차블루핸즈 간석점
341,광주시 광산구 왕버들로,"('126.83206084594656', '35.19983519910948')",SK행복충전 더드론 수완충전소
342,서울시 서초구 반포대로,"('127.012844774555', '37.4871173915054')",현대자동차블루핸즈 선진자동차공업서초점
343,전남 순천시 장자보3길,"('127.515478341181', '34.9477283729278')",루마버텍스 순천연향점
344,대구광역시 북구 칠성남로2길,"('128.581206156785', '35.87931836190334')",동양자동차정비공장
345,경북 영주시 원당로,"('128.63450152662', '36.8294664994548')",삼일주유소
346,경기도 김포시 김포한강9로12번길,"('126.628462125096', '37.6382356667832')",Unknown
347,충남 아산시 아산로141번길,"('126.99406856715582', '36.79220250151553')",루마썬팅 아산실옥점
348,경기도 김포시 운양로,"('126.674050514135', '37.6606642588211')",타이어플래너
349,서울 동대문구 장안동,"('127.077251765966', '37.5726339014378')",Unknown
350,광주광역시 광산구 동곡로,"('126.775919294679', '35.1409326648271')",현대자동차블루핸즈 광산현대서비스
351,경기도 화성시 효행로,"('127.033833079404', '37.2109261865941')",기아오토큐 병점점
352,부산광역시 해운대구 좌동순환로15번길,"('129.163123471168', '35.1670978050496')",루마버텍스 부산해운대2호점
353,경기도 수원시 팔달구,"('127.014041185109', '37.2819144990562')",Unknown
354,전라남도 여수시 시청로,"('127.662792199646', '34.7822646251427')",해솔주유소
355,경기도 하남시 광암로176번길,"('127.17292915738217', '37.51443253976534')",지스타
356,진천군 진천읍 성석리,"('127.447227626675', '36.8628074674208')",현대자동차블루핸즈 진천점
357,서울 서초구 방배동867-32,"('126.987051361353', '37.486187539746')",레이노 방배점
358,대구시 남구 대명로,"('128.56724325143', '35.8398418607327')",기아오토큐 대명점
359,경기도 의정부시 체육로,"('127.03206733257', '37.7522996665755')",현대자동차블루핸즈 가능점
360,경북 구미시 옥계2공단로,"('128.416136474414', '36.1543442477865')",SK에너지직영 양포주유소
361,경북 칠곡군 왜관읍,"('128.40279585101', '35.9952339948683')",Unknown
362,전북 익산시 고봉로,"('126.968640310304', '35.9524984300279')",기아오토큐 영등점
363,부산시 금정구 중앙대로,"('129.0911835079189', '35.23704275706725')",KCar 부산직영점
364,서울시 마포구 월드컵북로,"('126.913317508324', '37.5639201338019')",Unknown
365,전라남도 여수시 도원로,"('127.660714496781', '34.7614662867524')",순수 주유소
366,서울특별시 송파구 새말로15길,"('127.12982483689538', '37.48576733037326')",브이쿨 송파점 차애맴버스
367,경기도 구리시 동구릉로30번길,"('127.13366431383189', '37.603474920456264')",루마버텍스 프리미엄구리점
368,충청남도 천안시 서북구,"('127.135694066293', '36.8325085040351')",Unknown
369,원주시 나비허리길 101(관설동),"('127.961873786314', '37.3219780176556')",DS모터스
370,청원군 오창읍 각리,"('127.419916869472', '36.6973878035951')",기아오토큐 오창점
371,경남 거창군 거함대로,"('127.920092370003', '35.6826242641338')",한들주유소
372,서울 중랑구 면목동,"('127.095764720133', '37.5711282880022')",Unknown
373,서울특별시 중구 다산로29길,"('127.012993267518', '37.5610103873374')",루마버텍스 신당점
374,경북 구미시 새마을로,"('128.35844783210752', '36.10301980848912')",현대자동차 금오대리점
375,서울 마포구 성산동,"('126.892401498248', '37.5728155695483')",Unknown
376,경기도 의정부시 부용로19,"('127.060341868485', '37.7488360743612')",루마썬팅 의정부금오점
377,인천 서구 심곡동,"('126.687171615485', '37.5466672928409')",Unknown
378,대구시 서구 와룡로,"('128.537960669644', '35.8683434433015')",르노삼성자동차 대구사업소
379,충남 홍성군 홍장북로,"('126.669220589391', '36.5947307309634')",루마버텍스 프리미엄홍성점
380,경기 오산시 경기대로,"('127.074025165773', '37.1515968712284')",기아오토큐 오산점
381,경북 경주시 충효동,"('129.191001639853', '35.8457746296277')",Unknown
382,경기도 오산시 현충로,"('127.07474796732464', '37.16200093788977')",루마버텍스 오산운암점
383,전남 담양군 봉산면,"('126.962981676142', '35.2844238696076')",Unknown
384,전남 목포시 영산로,"('126.399700936186', '34.8059692735419')",Unknown
385,경기도 고양시 일산서구,"('126.754312921559', '37.6646969089792')",Unknown
386,경기도 수원시 영통구,"('127.051874100004', '37.2933759874451')",Unknown
387,경기도 김포시 김포한강2로24번길,"('126.67544611416135', '37.6483174898311')",루마버텍스 한강신도시점
388,광주광역시 서구 천변좌로,"('126.88433099291169', '35.167125826000344')",한강주유소
389,전남 순천시 명말2길,"('127.51394163694', '34.9372473344676')",루마썬팅 순천연향3지구점
390,경북 구미시 신시로10길,"('128.343474851253', '36.1162705196594')",루마버텍스 구미송정점
391,세종시 번암안동네길 6,"('127.292445016909', '36.5833359953556')",루마버텍스 세종조치원점
392,부산시 사상구 대동로,"('128.985026222838', '35.1481957192331')",쌍용자동차 부산정비사업소
393,대전 유성구 월드컵대로,"('127.327062376318', '36.3605013615183')",쌍용자동차 유성정비센터
394,충남 당진시 남부로,"('126.642869519252', '36.8856000894782')",루마버텍스 당진점
395,전라남도 해남군 고도1길,"('126.600187737653', '34.56644600289203')",해남자동차용품점
396,전북 군산시 공단대로,"('126.731495794636', '35.959923993018')",골든벨주유소
397,경기 양평군 양평읍,"('127.469519580088', '37.5021652601593')",Unknown
398,대구시 서구 국채보상로,"('128.5700079365029', '35.87200830180494')",기아 평리대리점
399,충남 서산시 안견로,"('126.45939759106828', '36.77873806040922')",기아 서산지점
400,울산 북구 진장동,"('129.359371201252', '35.5699039954363')",현대자동차블루핸즈 북구서비스현대자동차
401,경기도 의정부시 평화로,"('127.04630894444334', '37.73721361824764')",Unknown
402,서울시 영등포구 도림로,"('126.90514660451765', '37.4987002993932')",기아오토큐 신길남부점
403,인천광역시 남동구 앵고개로941번길,"('126.734402217284', '37.402906503098')",맥스덴트
404,전남 목포시 통일대로,"('126.43537458011266', '34.801947621316366')",현대자동차 상동대리점
405,경기도 김포시 은행영사정로51번길,"('126.775836338296', '37.6034728755073')",3M썬팅 고촌점
406,인천광역시 서구 대평로56번길,"('126.671158514417', '37.5484437938774')",Unknown
407,충남 태안군 태안읍,"('126.30198909221', '36.7672766189282')",Unknown
408,서울시 성북구 화랑로,"('127.050433197749', '37.6071131616167')",기아오토큐 월곡점
409,경남 김해시 전하로,"('128.8672352204003', '35.22137218167085')",서부주유소
410,서울시 노원구 광운로,"('127.059970387095', '37.6257879876576')",성북역주유소
411,인천 연수구 동춘동,"('126.662046128', '37.395910140096')",Unknown
412,경남 창원시 마산합포구,"('128.5870460366396', '35.07712259000571')",Unknown
413,부산광역시 북구 금곡대로13번길,"('129.003284016656', '35.2106453985033')",더 포스 맥과이어스 북구점
414,원주시 봉산로 133(봉산동),"('127.967488931493', '37.3431074769204')",한국타이어T스테이션 삼광점
415,청원구 율천북로 13번길,"('127.473890351254', '36.6603329119097')",멀티썬팅샵
416,충남 공주시 신관로,"('127.131580084946', '36.4710139721934')",타이어프로 신관점
417,경북 구미시 신시로,"('128.338916868148', '36.1186284745096')",쉐보레 서구미바로서비스
418,경기도 화성시 매화길,"('126.7929483995078', '37.02824884582028')",3M썬팅 우정점
419,경기도 광명시 한내일로,"('126.883188775864', '37.455593470508')",만도내비게이션 서비스지정점 광명점(엘림)
420,서울시 성동구 천호대로,"('127.058117663887', '37.5624131648295')",타이어뱅크 서울장안점
421,대구시 북구 중앙대로,"('128.59757176583', '35.8846149482561')",오페라주유소
422,전북 정읍시 샘골로,"('126.857038073259', '35.5798728328227')",3M썬팅 정읍점
423,경남 김해시 김해대로2400번길,"('128.894589528958', '35.2265839391276')",루마버텍스 김해대로점
424,전북 남원시 충정로,"('127.39077181259064', '35.420681537514945')",현대자동차블루핸즈 도통점
425,전남 여수시 신월로,"('127.723815962812', '34.7384752960656')",주유소 꽃길
426,경기도 화성시 영통로8번길,"('127.066170116069', '37.2316114234732')",3M썬팅 반월점
427,부산시 사상구 가야대로230번길,"('128.997779548996', '35.1496153645599')",루마썬팅 부산사상개금점
428,부산시 연제구 월드컵대로,"('129.068971290037', '35.1905403532425')",현대자동차블루핸즈 거제점
429,광주시 서구 상무대로,"('126.85540573008277', '35.15010954806219')",BMW 한독모터스 광주상무전시장
430,대전시 동구 백룡로,"('127.454280326922', '36.3330538164729')",용운주유소
431,경기도 화성시 한신대길,"('127.02360957450195', '37.200386368158874')",루마썬팅 한신대점
432,인천 부평구 십정1동,"('126.692444131803', '37.4762769268018')",이조주유소
433,서울특별시 강서구 공항대로53길,"('126.860277055929', '37.5549926610086')",3M썬팅 등촌점
434,부산 수영구 망미동,"('129.11908961417', '35.1743142401014')",현대자동차블루핸즈 망미동부점
435,충남 천안시 동남구,"('127.298293378855', '36.7601265658988')",Unknown
436,대구광역시 북구 태전동,"('128.55058895715223', '35.91793333825386')",현대자동차블루핸즈 태전점
437,경남 거제시 계룡로,"('128.62275724119516', '34.878666104920775')",기아오토큐 고현점
438,경기도 화성시 도이3길,"('126.919358727996', '37.1403545350105')",광성유통
439,전북 김제시 벽성로,"('126.870445071631', '35.8012025888419')",현대자동차블루핸즈 갈공점
440,경기도 화성시 기산로,"('127.045514950717', '37.2211221533607')",루마버텍스 경기남부총판
441,서울 서초구 양재1동,"('127.040292609639', '37.4766739327213')",Unknown
442,경기 용인시 수지구,"('127.044338085061', '37.3585237105685')",Unknown
443,원주시 원일로 260,"('127.942249723553', '37.3585191251165')",코니카미놀타썬팅 원주학성점 카플러스
444,경기 의정부시 금오동,"('127.066606230921', '37.7499210699357')",Unknown
445,대구광역시 수성구 동대구로,"('128.624822164757', '35.8421444711435')",BMW 코오롱모터스 대구전시장
446,서울시 노원구 상계로,"('127.06230180826746', '37.65578145297027')",Unknown
447,광주시 광산구 목련로,"('126.832240631463', '35.180218382993')",SK행복충전 제일에너지충전소
448,대구시 북구 호국로,"('128.599334149863', '35.913211643252')",SK행복충전 서변LPG충전소
449,강원도 태백시 황연길,"('128.988958859005', '37.1789731174581')",루마썬팅 태백점
450,대구시 달서구 유천동,"('128.508392808613', '35.8153518014403')",대영주유소
451,서울시 강서구 강서로,"('126.841525355833', '37.5406250950297')",화곡역주유소
452,전남 순천시 중앙로,"('127.484778862848', '34.9806000141994')",기아오토큐 가곡점
453,경기도 군포시 금정로18번길,"('126.943067261027', '37.3672763012605')",루마버텍스 군포금정점
454,춘천시 공지로 57-4.,"('127.751170749593', '37.85247334945')",블루오션
455,제주도 제주시 오라로,"('126.509844478347', '33.4960220557995')",카매니저
456,경북 구미시 비산동,"('128.3764332604333', '36.120355774137344')",현대자동차블루핸즈 구미현대서비스
457,대구시 달서구 와룡로57길,"('128.537081707642', '35.8579157525925')",루마버텍스 대구달서죽전점
458,충청남도 금산군 금산읍,"('127.446277071173', '36.0828151583635')",Unknown
459,광주 광산구 신가동,"('126.832240631463', '35.180218382993')",SK행복충전 제일에너지충전소
460,울산광역시 남구 번영로,"('129.3296964957402', '35.53266222814662')",기아 달동대리점
461,경기 안양시 만안구,"('126.939453784593', '37.435892664613')",Unknown
462,경남 양산시 양산대로,"('129.039513787522', '35.3562428239423')",타이어뱅크 북양산점
463,대구시 남구 명덕로,"('128.587027371314', '35.8565165170489')",도원주유소
464,인천시 남동구 인주대로,"('126.712126779316', '37.4497323445133')",BMW 바바리안모터스 인천전시장
465,광주시 북구하남대로 497(동림동),"('126.84775939586424', '35.175694246306676')",로드필
466,부산시 부산진구 성지로,"('129.0554480176212', '35.17157601744855')",현대자동차블루핸즈 연지점
467,대전시 동구 계족로,"('127.432442950348', '36.3567383742767')",현대자동차블루핸즈 용전점
468,충남 서천군 서천로,"('126.687643644969', '36.0832894884956')",현대자동차블루핸즈 서천점
469,광주시 남구 서문대로,"('126.897298175996', '35.1248537562051')",기아오토큐 진월점
470,경기도 이천시 이섭대천로,"('127.452056869096', '37.2875828316398')",현대자동차블루핸즈 오토서비스
471,경남 사천시 삼천포대교로,"('128.077498209104', '34.9492024411881')",현대자동차블루핸즈 삼천포종합정비
472,경기도 화성시 동탄지성로,"('127.06292270846403', '37.20884909895785')",기아 동탄지점
473,경기도 하남시 신평로,"('127.211442635094', '37.5469788611369')",기아오토큐 미사점
474,울산광역시 북구 명촌6길,"('129.360818370273', '35.5604434605547')",케이모터스
475,서울시 강서구 양천로47가길,"('126.83878952949', '37.5710210192402')",토요타 강서서비스센터
476,경기도 용인시 수지구,"('127.044338085061', '37.3585237105685')",Unknown
477,서울특별시 용산구 한강대로,"('126.965792675118', '37.5296874164533')",Unknown
478,충북 음성군 응천동길,"('127.597417344056', '36.9893511154816')",루마썬팅 충북금왕점
479,인천시 미추홀구 미추홀대로,"('126.67897585978326', '37.44354260130569')",기아 학익대리점
480,울산 북구 명촌동,"('129.357326255768', '35.5537106910043')",현대자동차블루핸즈 명촌점
481,경남 진주시 강남로,"('128.094474283392', '35.1830470382934')",기아오토큐 칠암점
482,울산시 중구 구교로,"('129.340640645233', '35.5597450108599')",차세대주유소
483,청주시 청원구 주성로,"('127.495530703889', '36.6707988022261')",Unknown
484,대구 수성구 범어동,"('128.638331304119', '35.8583977979797')",Unknown
485,대구시 북구 팔거천동로,"('128.556413085498', '35.9347939983066')",기아오토큐 동천점
486,서울 금천구 시흥동954-27,"('126.903822692603', '37.4410805151629')",카프리
487,충남 태안군 샘골로,"('126.303313055644', '36.7536453338785')",마스타자동차 태안월드부분정비(협력)
488,부산광역시 동구 중앙대로,"('129.047201884885', '35.1264880124374')",문화가스충전소
489,부산광역시 사하구 낙동대로,"('128.980366544489', '35.1007725208734')",Unknown
490,경기도 광명시 금하로,"('126.892873750255', '37.4515877333013')",타이어테크 소하점
491,충북 청주시 청원구,"('127.45610651327', '36.6891445783166')",Unknown
492,경남 김해시 분성로,"('128.865427016829', '35.22969460790558')",현대자동차 김해서부지점
493,경북 구미시 구미대로,"('128.36345488174823', '36.10430832821749')",BMW 코오롱모터스 구미전시장
494,경기도 화성시 여울로,"('127.053339465129', '37.2091385337195')",GS칼텍스 동탄푸른숲주유소
495,대전시 중구 문화로,"('127.40700133928489', '36.31487618398125')",기아 문화대리점
496,대전 유성구 계룡로26번길,"('127.333871174165', '36.3555531016167')",이지카디텍솔라가드
497,강원도 태백시 태백로,"('128.97017592492594', '37.17973389003326')",타이어뱅크 태백점
498,부산시 해운대구 해운대로,"('129.131309909753', '35.1755992511328')",메르세데스벤츠 해운대전시장
499,경북 경산시 계양로,"('128.748011708254', '35.8189648455082')",Unknown
500,경기도 의정부시 신흥로353번길,"('127.042300044162', '37.7478925078247')",Unknown
501,서울시 구로구 서해안로,"('126.835235757379', '37.4884520211996')",현대자동차블루핸즈 오류점
502,서울시 광진구 동일로,"('127.074841145079', '37.5618451304744')",태양주유소
503,경기 평택시 동삭동,"('127.095386220222', '37.0187748345883')",이에스주유소
504,경남 김해시 덕정로186번길,"('128.803224179821', '35.1762905228774')",루마버텍스 김해장유점
505,경북 포항시 북구,"('129.378187000619', '36.0550695749354')",Unknown
506,광주시 남구 독립로,"('126.903469443169', '35.1461706515238')",독립로주유소
507,경기도 김포시 양곡4로,"('126.620982074935', '37.6529735106654')",현대자동차블루핸즈 양촌점
508,울산시 동구 방어진순환도로,"('129.427042695665', '35.4956549255518')",현대자동차블루핸즈 현대동구서비스
509,강원도 춘천시 역전옛길,"('127.729733249003', '37.86133279139')",루마썬팅 남춘천역점
510,부산시 해운대구 좌동순환로15번길,"('129.163123471168', '35.1670978050496')",루마버텍스 부산해운대2호점
511,중구 용두동 180-4번지,"('127.402320976652', '36.3341195643945')",매니아썬팅전문샵
512,경기도 평택시 서정북로,"('127.056308768248', '37.0705999350494')",워시코시 평택본점
513,충남 공주시 번영1로,"('127.14650319402932', '36.47443541854277')",현대자동차 공주지점
514,대구시 남구 대명,"('128.576886344019', '35.8580162073654')",Unknown
515,광주시 북구 서림로,"('126.89755550424414', '35.16290314927032')",Unknown
516,대구시 수성구 상동,"('128.608558771053', '35.8273069727712')",기아오토큐 수성종합서비스
517,대구시 수성구 수성로,"('128.613453506814', '35.8480397734869')",기아오토큐 중동점
518,강원도 동해시 동해대로,"('129.112481302508', '37.4787155999839')",현대자동차블루핸즈 이도점
519,부산시 연제구 거제천로,"('129.078417829981', '35.1888790120595')",부산중고차 연제매매단지
520,부산시 강서구 신호산단1로,"('128.874964833334', '35.0823953618294')",Unknown
521,서울 영등포구 영등포동7가,"('126.907804943801', '37.5256523333652')",현대자동차블루핸즈 영등포점
522,대전 서구 갈마동,"('127.367932130675', '36.3494782858321')",기아오토큐 갈마점
523,대구시 남구 희망로,"('128.60355786743', '35.847793787559')",루마버텍스 대구남구희망교점
524,강원도 동해시 동굴로,"('129.113940449144', '37.5179591773514')",오토오아시스 로타리점
525,부산시 동구 중앙대로274번길,"('129.044102663274', '35.1215082116068')",루마썬팅 부산초량점
526,경남 김해시 인제로,"('128.905276406652', '35.2290115516565')",타이어뱅크 김해점
527,부산시 사하구 낙동대로,"('128.980366544489', '35.1007725208734')",Unknown
528,부산시 수영구 광남로257번길,"('129.126767829161', '35.1598225241144')",루마썬팅 부산수영민락점
529,대구광역시 서구 팔달로18길,"('128.558729156817', '35.8886218597619')",현대모비스 한국정밀
530,경기도 화성시 동탄반송3길,"('127.067670816301', '37.2110991072879')",루마버텍스 화성반송점
531,인천시 서구 중봉대로,"('126.649669518831', '37.5468827382881')",현대자동차블루핸즈 청라동부점
532,부산시 사하구 사하로,"('128.993705820457', '35.0952224225491')",현대자동차블루핸즈 괴정중앙점
533,광주시 북구 죽봉대로,"('126.884774540696', '35.1701746405458')",썬팅명가
534,대전시 유성구 계룡로74번길,"('127.337952362313', '36.3507023144783')",루마버텍스 대전도안점
535,춘천시 동면 한솔만천로,"('127.77600192436', '37.8756572185526')",레전드
536,서울 마포구 성산동232-4,"('126.916341777333', '37.5599290994296')",루마버텍스 월드컵북로점
537,경남 김해시 김해대로,"('128.923890191994', '35.2258440848718')",현대자동차 서부산서비스센터
538,부산시 사상구 모라로,"('128.984160053292', '35.191484326965')",르노삼성자동차서비스 롯데정비공업사
539,충남 아산시 배방읍,"('127.041748444574', '36.7464789343682')",Unknown
540,강원도 춘천시 동내면,"('127.749502845624', '37.8421556738922')",Unknown
541,강원도 홍천군 무궁화로,"('127.874988299988', '37.6845231024212')",3M썬팅 홍천점
542,경기도 파주시 평화로,"('126.766193382513', '37.767824587068')",디오티디 파주태권브이주유소
543,경남 창녕군 창녕읍,"('128.503676546575', '35.5463252618053')",Unknown
544,인천 서구 경서동,"('126.6102446703511', '37.536444604430336')",Unknown
545,인천광역시 계양구 길마로,"('126.707746941002', '37.5343295007788')",3M썬팅 봉오대로점
546,서울 강동구 길동225-135,"('127.14533172037974', '37.53631089692639')",현대자동차블루핸즈 길동동부점
547,경남 함양군 함양로,"('127.733182211828', '35.5297907106294')",현대자동차블루핸즈 함양점
548,경남 진주시 신안로,"('128.071783161533', '35.1799259753552')",현대자동차블루핸즈 신안점
549,경기도 화성시 동탄치동천로2길,"('127.126063622305', '37.2032374484482')",카핏 동탄직영점
550,대구시 동구 반야월로,"('128.721129559812', '35.8715714496906')",쉐보레 동대구지정서비스
551,경남 통영시 남해안대로,"('128.4352702511696', '34.85834048777031')",통영가스충전소
552,경기 과천시 과천동149-1,"('127.011676490838', '37.4490516000054')",Unknown
553,경남 김해시 진영읍,"('128.771213112235', '35.3144449987726')",Unknown
554,경남 거제시 고현로,"('128.629533086648', '34.8834044816094')",현대자동차블루핸즈 고현로점
555,경북 경주시 북문로,"('129.216005377576', '35.8499653012358')",루마버텍스 프리미엄경주성동동점
556,대전시 유성구 계백로,"('127.31970195485', '36.2923091413404')",쉐보레 서대전서비스센터
557,울산시 남구 돋질로,"('129.321640701131', '35.5406929291601')",MINI 동성모터스 울산전시장
558,충북 증평군 초중6길,"('127.575311183201', '36.7800224371117')",루마버텍스 충북증평점
559,서울시 구로구 고척동,"('126.861367846807', '37.5037486169125')",현대자동차블루핸즈 대광자동차공업
560,제주 서귀포시 대정읍,"('126.29326837911009', '33.21655176874322')",Unknown
561,서울 서초구 반포동709-9,"('127.019743406121', '37.5094253579638')",다본다 반포점
562,경기도 이천시 중부대로,"('127.457320435464', '37.2591620515202')",루마버텍스 이천장록점
563,경기 가평군 청평면,"('127.49072076943015', '37.71502775032536')",Unknown
564,경북 영천시 최무선로,"('128.90858528564152', '35.955081072286404')",덕진주유소
565,충남 아산시 남부로,"('127.015305120199', '36.7715039416963')",한국타이어 타이어샵 풍기점
566,서울특별시 성동구 고산자로,"('127.038147394094', '37.5710852825027')",현대자동차블루핸즈 대명자동차공업
567,경남 김해시 가야로,"('128.888117236917', '35.2381373427826')",기아오토큐 동상점
568,경기도 남양주시 경춘로,"('127.163148686362', '37.60849960096947')",기아오토큐 지금점
569,경북 칠곡군 중앙로,"('128.39972730919087', '35.98750642698135')",현대자동차 왜관지점
570,인천광역시 계양구 장제로,"('126.733507522075', '37.532883972473')",현대자동차블루핸즈 작전점
571,부산광역시 해운대구 우동3로,"('129.162541459801', '35.1674974937246')",Unknown
572,경남 양산시 웅상대로,"('129.154842103784', '35.3836388413488')",현대자동차블루핸즈 평산점
573,서울시 강동구 올림픽로,"('127.126174908275', '37.5475224269382')",기아오토큐 천호점
574,경기도 남양주시 수레로,"('127.217578853789', '37.58845668947')",기아오토큐 덕소모터스
575,경기도 이천시 경충대로,"('127.454818380186', '37.2712419454598')",기아오토큐 진리점
576,제주특별자치도 서귀포시 남조로,"('126.720950900052', '33.2847037502764')",남원농협주유소
577,서구 동서대로 1062,"('127.378669701504', '36.3298171154752')",스마트카
578,광주광역시 북구 하남대로,"('126.874063934972', '35.1717674938885')",GS칼텍스직영 클릭주유소
579,경기 파주시 동패동(숲속노을로,"('126.719686137172', '37.703134591672')",하나모터스
580,경기도 안성시 개내교4길,"('127.252096031211', '37.0133011426487')",루마버텍스 한경대점
581,대구시 달성군 유가읍,"('128.513621767691', '35.689630469796')",Unknown
582,서울특별시 영등포구 영등포로19길,"('126.89316373774412', '37.52416595748663')",루마버텍스 영등포구청점
583,부산 수영구 민락동,"('129.12989115611677', '35.16076249867495')",Unknown
584,부산광역시 금정구 금정로231번길,"('129.09043887195676', '35.244446821043724')",레인보우 구서점 와우모터스
585,서울 강서구 방화동180-5,"('126.819062292795', '37.5726034097253')",디노베이션
586,경기도 의왕시 고천공업로,"('126.972361952826', '37.3495977978924')",루마썬팅 의왕고천점
587,광주시 북구 연양로,"('126.8746974583637', '35.20672538439454')",기아 양산제일대리점
588,충남 계룡시 서금암1길,"('127.253803521773', '36.2742127042747')",오토오아시스 계룡점
589,원주시 서원대로 50,"('127.922413066806', '37.3520342382031')",MJ모터스
590,경북 김천시 영남대로,"('128.082964347808', '36.1246116487563')",기아오토큐 백옥점
591,동구 계족로 512번길,"('127.437033358417', '36.3543858342366')",카오디오대장간 대전점
592,서울특별시 중랑구 봉화산로,"('127.09785918791167', '37.60769603813473')",현대자동차블루핸즈 신내점
593,부산 연제구 연산9동,"('129.105759273368', '35.1881830178127')",현대자동차블루핸즈 현대연산서비스
594,충남 부여군 흑천로,"('126.918184795337', '36.2820961311066')",청명칼라썬팅
595,울산시 울주군 봉화로,"('129.117073001121', '35.5580121384042')",루마썬팅 울산언양점
596,경기도 양평군 중앙로,"('127.5031062262703', '37.495855158389375')",기아오토큐 양평기아자동차서비스
597,부산시 남구 유엔로,"('129.100486409964', '35.1298329760216')",현대자동차블루핸즈 대연남부점
598,대구시 달성군 성천로28길,"('128.496813186104', '35.8062722577316')",Unknown
599,서울 강서구 화곡동,"('126.844045561882', '37.5366604491309')",Unknown
600,인천시 미추홀구 인주대로,"('126.67224311376543', '37.45156383737587')",기아오토큐 주안남부점
601,대구시 달서구 월곡로,"('128.540615664072', '35.8149034081231')",기아오토큐 상인점
602,부산광역시 사상구 사상로75번길,"('128.99265974517', '35.154014531935')",3M썬팅 사상로점
603,대구시 달성군 논공로,"('128.44243110360372', '35.710997693575806')",현대자동차블루핸즈 현풍점
604,경기도 평택시 서재5길,"('127.094866272176', '37.0091012571873')",루마썬팅 평택법원점
605,경기도 파주시 새꽃로,"('126.776665620521', '37.7667051799518')",현대자동차블루핸즈 동진자동차
606,부산광역시 부산진구 월드컵대로,"('129.049803993429', '35.1819485417365')",3M썬팅 초읍점
607,서울특별시 은평구 진흥로,"('126.92430014115507', '37.60734472861364')",현대자동차블루핸즈 녹번점
608,강릉시 강릉대로 388(포남동),"(37.77806350000001, 128.9053037)",대한민국 강원도 강릉시 포남동 388
609,대구광역시 수성구 달구벌대로,"('128.639295157571', '35.8591884632556')",Unknown
610,경북 구미시 인동중앙로6길,"('128.42530309783484', '36.1067784497019')",루마썬팅 구미인동2호점
611,청주시 상당구 1순환로,"('127.50437337346', '36.6078305721777')",자유에너지 황제주유소
612,원주시 강변로 579,"('127.95107235228625', '37.35533737600469')",카앤조이
613,전북 익산시 궁동로,"('126.972387918335', '35.9620308668745')",애니카랜드 영등점
614,울산광역시 중구 구교로,"('129.340640645233', '35.5597450108599')",차세대주유소
615,서울특별시 성북구 동소문로,"('127.028748311194', '37.608482732465')",Unknown
616,제주도 제주시 연미길,"('126.508439012002', '33.4926084698454')",루마썬팅 제주연삼로점
617,대구광역시 남구 봉덕1동,"('128.59820654533752', '35.84808047139487')",현대자동차블루핸즈 봉덕점
618,동구 충무로 229(인동),"('127.441208840254', '36.322764491264')",3M썬팅 인동점
619,부산광역시 수영구 황령대로457번길,"(35.140995, 129.105639)",대한민국 부산광역시 수영구 남천1동 황령대로457번길
620,경기 수원시 장안구,"('127.011795743342', '37.2869569586225')",Unknown
621,서울 영등포구 신길동,"('126.911840808155', '37.5107384081464')",Unknown
622,대구광역시 북구 사수동,"('128.512772152115', '35.9049509085689')",Unknown
623,경북 안동시 강남14길,"('128.73651099594', '36.5526101211718')",루마썬팅 안동강남점
624,부산 해운대구 중동,"('129.1728202218132', '35.1581525004111')",Unknown
625,서울특별시 영등포구 국회대로,"('126.907804943801', '37.5256523333652')",현대자동차블루핸즈 영등포점
626,인천 부평구 갈산동,"('126.731247349153', '37.5208054581298')",쌍용자동차 부평정비사업소
627,경남 양산시 북안북4길,"('129.038548238265', '35.3486390731304')",크레이지랩
628,경남 거제시 아주동905-6,"(34.8782786, 128.693955)",대한민국 경상남도 거제시 아주동 905-6
629,경북 김천시 신음동,"('128.13349401409627', '36.12911132759912')",현대자동차블루핸즈 서김천현대서비스
630,경북 경산시 계양동,"('128.750550459634', '35.8223197317146')",현대자동차블루핸즈 계양점
631,경북 경산시 압독2로2길,"('128.763287568879', '35.841504056101')",Unknown
632,경북 안동시 당북1길,"('128.719245120201', '36.5636835691593')",종합자동차유리
633,부산 수영구 수영동462-7,"('129.11056475595944', '35.170687321285456')",3M썬팅 수영점
634,부산시 동래구 아시아드대로,"('129.066540505553', '35.2027438725982')",르노삼성자동차서비스 온천점
635,제주도 제주시 일주서로,"('126.48779162987157', '33.49406927045581')",삼다주유소
636,서울 서초구 서초동1546-1,"('127.010547305715', '37.4879537543948')",3M썬팅 서초점
637,대구시 달서구 야외음악당로,"('128.552218327468', '35.8446147667771')",극동주유소
638,전남 순천시 이수로,"('127.49242386193995', '34.94943658576039')",현대자동차블루핸즈 장천점
639,광주광역시 남구 대남대로,"('126.893498735467', '35.1410029048837')",대원주유소
640,대구광역시 달서구 문화회관길,"('128.523885010929', '35.8404897306527')",달구벌종합폐차장
641,경남 밀양시 밀양대로,"('128.752159014959', '35.4840470594654')",밀양주유소
642,대구광역시 수성구 들안로,"('128.61713694393458', '35.844328001026426')",르노삼성자동차서비스 수성점
643,경기도 시흥시 복지로99번길,"('126.7908771404', '37.4488455413414')",루마썬팅 시흥대야점
644,부산시 사하구 서포로,"('128.9855263558692', '35.08329523142269')",루마버텍스 부산신평2호점
645,대구시 수성구 들안로,"('128.61713694393458', '35.844328001026426')",르노삼성자동차서비스 수성점
646,경기도 군포시 번영로,"('126.943530853222', '37.3632723613014')",현대자동차블루핸즈 금정점
647,대구광역시 수성구 청수로,"('128.6160759581535', '35.84096677327441')",볼보자동차 대구전시장(태영모터스)
648,경남 거제시 아주로,"('128.69026822517418', '34.86538519245893')",Unknown
649,경북 경산시 옥산동,"('128.723482995674', '35.8274761800125')",케이케이 남부에너비스
650,부산시 기장군 대청로71번길,"('129.2183416420529', '35.23769495200485')",현대모비스 기장상사
651,경북 안동시 서경지5길,"('128.713676567075', '36.5585521978211')",루마버텍스 안동일창점
652,울산시 울주군 울밀로,"('129.214052596419', '35.573166545931')",해룡주유소
653,부산시 부산진구 서면문화로,"('129.057875241448', '35.1586698074824')",Unknown
654,인천광역시 계양구 마장로,"('126.70483554451', '37.5254996832386')",3M썬팅 효성점
655,인천시 부평구 평천로,"('126.707526455136', '37.5189362881127')",현대자동차블루핸즈 청천점
656,울산시 중구 북부순환도로,"('129.343405574047', '35.5806173206415')",쉐보레 울산중구서비스센터
657,전북 익산시 금강동,"('126.973282705063', '35.9384618084524')",GS칼텍스 한성충전소
658,부산시 사상구 주감로,"('129.010262988847', '35.1520005894667')",루마썬팅 부산가야점
659,강원도 강릉시 강릉대로,"('128.884358430965', '37.7564810258457')",기아오토큐 교1동점
660,부산광역시 금정구 중앙대로,"('129.0911835079189', '35.23704275706725')",KCar 부산직영점
661,대구시 동구 공항로,"('128.643065176293', '35.893156615512')",BMW모토라드 대구
662,경북 구미시 산호대로24길,"('128.414169271582', '36.13686760161')",루마썬팅 구미옥계점
663,인천 부평구 십정동,"('126.702594525573', '37.4710266147639')",Unknown
664,대구시 남구 현충로,"('128.58023821247593', '35.842563434218135')",현대자동차블루핸즈 대명남부점
665,제주도 서귀포시 토평서로11번길,"('126.573305329919', '33.2661114175716')",루마썬팅 서귀포중앙점
666,광주시 서구 화개중앙로4번길,"('126.860754632366', '35.1224079366986')",Unknown
667,경기도 부천시 소사로,"('126.796128688321', '37.4709619166798')",현대자동차블루핸즈 소사점
668,울산광역시 북구 진장로,"('129.357269474725', '35.5668275001306')",현대모비스 카페호야점
669,경북 구미시 광평동,"('128.36345488174823', '36.10430832821749')",BMW 코오롱모터스 구미전시장
670,서울시 강남구 도산대로38길,"('127.032320607395', '37.5200436193949')",루마버텍스 강남논현점
671,서울시 양천구 월정로,"('126.83413662721934', '37.537295396889576')",스피드메이트 화곡점
672,부산시 연제구 연수로,"('129.08023112853414', '35.17565495619332')",연제주유소
673,전남 목포시 산정로,"('126.393262195228', '34.792809417247')",중앙주유소
674,제주도 제주시 서광로,"('126.50273789078892', '33.49903751304273')",거북이주유소
675,부산시 부산진구 중앙대로,"('129.05954233375', '35.1516736788129')",Unknown
676,대구시 달서구 월암로,"('128.513727924739', '35.8243287743651')",루마썬팅 대구달서대천점
677,서울시 강남구 영동대로76길,"('127.066054315048', '37.5061937540663')",실리스코리아
678,경남 김해시 장유로,"('128.815619340499', '35.2013966400593')",기아오토큐 장유점
679,부산시 강서구 명지국제5로,"('128.9202320594978', '35.1061416514319')",Unknown
680,서울시 은평구 연서로,"('126.928752840967', '37.6243473465207')",기아오토큐 불광점
681,대전시 서구 도산로,"('127.399849132129', '36.3438641656387')",기아오토큐 남선점
682,서울시 강북구 삼양로,"('127.022280487787', '37.6125926415205')",기아오토큐 미아점
683,인천시 연수구 송도미래로,"('126.649134447547', '37.3670939619069')",Unknown
684,서울시 구로구 구로동로43길,"('126.880719907524', '37.4957138512182')",브이쿨 서울구로점
685,서울시 은평구 통일로,"('126.91803174955', '37.6371704250724')",Unknown
686,인천시 계양구 계양대로,"('126.72126159956191', '37.526132450410515')",Unknown
687,부산시 부산진구 중앙대로941번길,"('129.069321210632', '35.1755967928091')",루마버텍스 부산시청점
688,경기도 광명시 신촌로15번길,"('126.888889481825', '37.4495874093829')",루마버텍스 버텍스광명점
689,부산시 해운대구 해운대로177번길,"('129.123792332375', '35.181606829937')",루마버텍스 부산해운대재송점
690,경기도 화성시 동탄대로21가길,"('127.097374323459', '37.2061226376323')",루마썬팅 화성영천점
691,서울시 성북구 오패산로3길,"('127.035727840573', '37.6055003519071')",소낙스 서울성북점
692,경기도 부천시 신흥로470번길,"('126.77794010281674', '37.52503626770878')",모터시티
693,광주시 남구 천변좌로,"('126.913224822972', '35.1444690488054')",골든 24시셀프세차
694,광주시 광산구 첨단봉산길,"('126.84604851538545', '35.206246179186')",루마버텍스 광주첨단점
695,경기도 화성시 동탄순환대로3가길,"('127.094552881472', '37.1658153832094')",루마버텍스 동탄호수공원점
696,경기도 광명시 금오로,"('126.839245428308', '37.4725565527154')",루마썬팅 광명옥길점
697,대구시 서구 국채보상로3길,"('128.53330931087504', '35.86941941120858')",루마버텍스 스카이점
698,서울시 구로구 경인로63길,"('126.883748172023', '37.5089084883764')",루마버텍스 신도림점
699,부산시 금정구 금정로,"('129.089228639461', '35.2425311663598')",현대자동차블루핸즈 구서점
700,서울시 은평구 서오릉로,"('126.909226370309', '37.6147510373043')",기아오토큐 갈현점
701,인천시 서구 가정로,"('126.670879379312', '37.4976266879267')",Unknown
702,광주시 서구 염화로,"('126.874968947592', '35.1427590830134')",Unknown
703,서울시 강남구 영동대로,"('127.066656228239', '37.5013604230454')",BMW 코오롱모터스 삼성전시장
704,서울시 동대문구 한천로,"('127.06728758134786', '37.575987196196785')",SK행복충전 복지장안충전소
705,서울시 노원구 동일로,"('127.068687971734', '37.6400836787935')",Unknown
706,서울 강서구 방화대로33길,"('126.815748617432', '37.5686041775007')",루마버텍스 강서마곡점
707,강원도 원주시 북원로,"('127.941136624679', '37.3709770276947')",BMW 도이치모터스 원주전시장
708,서울시 양천구 신정중앙로21길,"('126.862276803358', '37.5273172174735')",루마버텍스 목동로데오점
709,경남 진주시 대신로,"('128.117092866034', '35.1698329643085')",현대자동차블루핸즈 태성종합정비
710,대구시 달성군 다사읍,"('128.465058159856', '35.8411637749681')",Unknown
711,경기도 평택시 만세로,"('127.109212906338', '37.0111920446651')",비전주유소
712,서울시 중랑구 봉우재로,"('127.081238652397', '37.5913935106344')",기아오토큐 면목점
713,경기도 포천시 소흘읍,"('127.166093989071', '37.7552502830998')",Unknown
714,경기도 하남시 감일남로,"('127.14360521275614', '37.50624836984921')",후퍼옵틱 송파오륜점
715,경남 고성군 고성읍,"('128.321387604124', '34.9806109491311')",Unknown
716,서울시 용산구 한강대로76길,"('126.974048525057', '37.5415034397898')",플라이트틴팅
717,인천시 서구 청라커낼로329번길,"('126.643479600579', '37.5378686760994')",루마버텍스 인천청라국제도시점
718,경남 양산시 물금읍,"('129.011341510234', '35.3149234900107')",Unknown
719,서울시 중랑구 중랑역로49길,"('127.076617832503', '37.6167937064765')",루마버텍스 태릉점
720,경기도 부천시 소사로141번길,"('126.79491691585', '37.4709336905037')",루마버텍스 부천소사대로점
721,제주도 제주시 삼동길,"('126.493997455309', '33.4786946652174')",루마썬팅 제주연북로점
722,강원도 양구군 중심로,"('127.99148798944', '38.103956020392')",루마썬팅 강원양구점
723,경기도 부천시 수도로,"('126.787018312913', '37.5199497175654')",케이에이치에너지직영 내동주유소
724,서울시 양천구 공항대로,"('126.876963096502', '37.5468085436403')",현대오일뱅크직영 목동셀프주유소
725,충북 충주시 팽고리산길,"('127.923354195125', '36.9939526860991')",루마버텍스 충주금릉점
726,부산시 연제구 거제대로,"('129.069925711752', '35.1812565431613')",기아오토큐 거제점
727,서울시 서초구 신반포로,"('127.00432032924516', '37.505305732081965')",Unknown
728,부산시 북구 만덕대로,"('129.04023663725008', '35.21339934721949')",삼보주유소
729,강원도 원주시 송삼길,"('127.921227255194', '37.3266605189592')",루마버텍스 원주무실점
730,경기도 여주시 칠산길,"('127.643643235107', '37.2919427361697')",3M공식인증썬팅전문점 여주점
731,경기도 평택시 평남로,"('127.0711426126923', '36.994251798269886')",기아오토큐 대한공업사
732,부산시 해운대구 선수촌로207번가길,"('129.12276531676', '35.209459409984')",루마버텍스 부산반여점
733,충청남도 예산군 예산읍,"('126.847845535098', '36.6764301210965')",Unknown
734,인천시 남동구 논현고잔로110번길,"('126.713838945473', '37.3930266074481')",루마버텍스 인천고잔점
735,부산시 연제구 과정로,"('129.105759273368', '35.1881830178127')",현대자동차블루핸즈 현대연산서비스
736,서울시 강서구 등촌로,"('126.863063535324', '37.5487141707895')",강서열린점주유소
737,부산시 사하구 낙동대로536번길,"('128.965773043931', '35.11207307062')",루마버텍스 부산동아대점
738,인천시 연수구 앵고개로,"('126.659369610429', '37.4133785759122')",기아오토큐 동춘점
739,부산시 해운대구 좌동순환로,"('129.166379308029', '35.1687049042739')",쉐보레 해운대바로서비스
740,광주시 광산구 장신로148번길,"('126.82677899826332', '35.18998498360817')",루마버텍스 광주수완점
741,서울시 강남구 삼성로76길,"('127.060714637396', '37.5044558772437')",오토개러지
742,부산시 연제구 안연로23번길,"('129.099897173545', '35.1893626213027')",루마버텍스 부산연산2호점
743,울산시 남구 정동로60번길,"('129.344547218678', '35.5391439334056')",루마버텍스 울산남구4호점
744,경기도 화성시 양감면,"('126.95479614450214', '37.09233939435005')",Unknown
745,서울특별시 서초구 강남대로2길,"('127.046912866277', '37.4690994000617')",쇼카모터스
746,경북 구미시 금오대로,"('128.3507701346434', '36.07673918151982')",KCar 구미직영점
747,서울시 강동구 풍성로,"('127.126029822553', '37.5339355119847')",Unknown
748,부산시 북구 기찰로,"('129.011748344228', '35.2131670391842')",르노삼성 부품대리점
749,인천시 부평구 백범로,"('126.691051957115', '37.473923469924')",타이어뱅크 십정점
750,강원도 춘천시 공단로,"('127.749704326872', '37.8885199023176')",루마버텍스 춘천후평점
751,경기도 파주시 가람로21번길,"('126.751165829512', '37.7341445525263')",현대자동차블루핸즈 가람로중앙점
752,경기도 부천시 부흥로,"('126.74585575576114', '37.496786435759205')",좋은하루주유소
753,경기도 평택시 산단로,"('127.073096244723', '37.0377673571758')",쉐보레 평택서비스센터
754,서울시 서초구 남부순환로337가길,"('127.024120542579', '37.4848694139882')",루마썬팅 서초IC점
755,대구시 수성구 무학로,"('128.62843781751596', '35.83071588501648')",르노삼성자동차 지정정비코너 지산점
756,경기도 김포시 풍무로,"('126.722503101138', '37.6044226905909')",현대자동차블루핸즈 풍무점
757,경기도 시흥시 은계로,"('126.8009100811221', '37.430617336259864')",브렉스
758,부산시 수영구 광남로,"('129.124146100694', '35.1587583231359')",기아오토큐 민락점
759,전남 여수시 성산로,"('127.641263342023', '34.7738401114279')",루마버텍스 여수무선점
760,충북 충주시 봉현로,"('127.934615636624', '36.9771662669704')",쉐보레 충주바로서비스
761,경남 고성군 중앙로,"('128.32602447458527', '34.974246761992006')",현대자동차 고성지점
762,인천시 서구 경명대로,"('126.640471097164', '37.5564704932483')",현대오일뱅크 청라셀프주유소
763,경기 구리시 벌말로,"('127.148537729591', '37.5873672455598')",현대자동차블루핸즈 토평점
764,울산시 북구 명촌4길,"('129.35815128394765', '35.55800968458688')",3M썬팅 명촌2호점
765,강원도 삼척시 중앙로4길,"('129.167081289014', '37.4362371014561')",루마썬팅 삼척점
766,서울시 종로구 율곡로,"('126.980660310529', '37.575382201454')",경복궁주유소
767,대구시 북구 매천로,"('128.544883655225', '35.895541362505')",동양자동차운전전문학원
768,대구시 중구 명덕로35길,"('128.588417931689', '35.8576371855765')",로얄모터스
769,경기도 파주시 청암로48번길,"('126.73677131742', '37.7317707714254')",레인보우팩토리
770,경남 진주시 강남로227번길,"('128.089642878939', '35.1866714728329')",루마버텍스 진주강남점
771,부산시 수영구 수영로652번길,"('129.116370212316', '35.1637390515631')",Unknown
772,경남 진주시 돗골로7번길,"('128.111753258638', '35.1684904839224')",루마버텍스 진주금강점
773,광주시 서구 죽봉대로,"('126.883675211783', '35.1597493814876')",BMW 코오롱모터스 광주전시장
774,경남 통영시 중앙로,"('128.42855381539', '34.8547656866574')",현대오일뱅크직영 거북셀프주유소
775,서울특별시 중랑구 봉우재로,"('127.081238652397', '37.5913935106344')",기아오토큐 면목점
776,대구시 달성군 현풍읍,"('128.45161961861928', '35.69757218638553')",Unknown
777,경북 영천시 동부로,"('128.94770994939', '35.9771197589522')",루마버텍스 영천동부점
778,경기도 양주시 고덕로329번길,"('127.076806169982', '37.8038969952107')",루마버텍스 양주고읍점
779,경기도 화성시 동탄순환대로,"('127.1013127978468', '37.20967668151378')",메르세데스벤츠 동탄전시장
780,광주시 광산구 하남대로,"('126.807383115739', '35.1812161594308')",현대자동차블루핸즈 하남현대자동차써비스
781,부산시 금정구 부곡로142번길,"('129.093556413101', '35.2285138253834')",3M썬팅 부곡현대점
782,서울시 중랑구 용마산로,"('127.099377514964', '37.5946340139783')",우림주유소
783,서울시 광진구 구의로,"('127.08907001545856', '37.538603916842035')",Unknown
784,경남 진주시 사들로34번길,"('128.145477200918', '35.1694885438315')",루마버텍스 진주문산점
785,경기도 김포시 고촌읍,"('126.763354920345', '37.6040179332891')",Unknown
786,인천시 남동구 소래역동로,"('126.73254960467', '37.4030032411453')",루마버텍스 프리미엄인천점
787,서울시 송파구 거마로,"('127.14745321858072', '37.500690736481104')",쉐보레 거여지정서비스
788,서울시 송파구 백제고분로46길,"('127.111853776574', '37.5085018769038')",Unknown
789,부산시 북구 금곡대로221번길,"('129.011701734081', '35.2281829930123')",레이노 화명점
790,서울시 강서구 화곡로,"('126.846670668002', '37.5586878817077')",현대자동차블루핸즈 등촌점
791,경기도 김포시 양촌읍,"('126.6137720344251', '37.655274646313124')",Unknown
792,경남 창원시 의장구,"(35.2538433, 128.6402609)",대한민국 경상남도 창원시 의창구
793,경남 함안군 가야읍,"('128.394828394613', '35.2804288634436')",Unknown
794,충북 청주시 상당구,"('127.492498453353', '36.4626880538098')",Unknown
795,부산시 수영구 과정로5번길,"('129.107781292841', '35.1722911937357')",후퍼옵틱 수영구망미점
796,울산시 중구 염포로,"('129.346969070981', '35.5604653067923')",동부주유소
797,경남 진주시 동진로,"('128.139706323455', '35.1803729656985')",Unknown
798,광주시 서구 천변좌하로,"('126.854934980102', '35.1630642207214')",타이어뱅크 광주시청점
799,서울시 성북구 정릉로10길,"('127.000339757697', '37.6077546299494')",루마썬팅 성북정릉점
800,서울시 영등포구 대림로,"('126.896842761592', '37.5010350541274')",기아오토큐 대림점
801,부산시 동래구 여고로,"('129.067431481052', '35.1952743001172')",현대자동차블루핸즈 사직점
802,부산시 남구 조각공원로,"('129.10109173975', '35.1305947711022')",시티원모터스
803,서울시 종로구 자하문로,"('126.970288002145', '37.582595206591')",현대자동차블루핸즈 종로옥인점
804,광주광역시 남구 독립로,"('126.903469443169', '35.1461706515238')",독립로주유소
805,경기도 화성시 반정로,"('127.026263284628', '37.2293086020857')",루마버텍스 화성반정점
806,강원도 춘천시 효자로24번길,"('127.727550404425', '37.8663158423629')",루마버텍스 춘천퇴계점
807,제주도 서귀포시 서귀동,"('126.51531780746991', '33.237465168471545')",Unknown
808,서울시 서초구 사평대로,"('126.992391545432', '37.497879475595')",기아오토큐 반포점
809,강원도 원주시 천매봉길,"('127.943531090843', '37.3230933877265')",천매세차타운
810,경기도 부천시 상이로9번길,"('126.743524407172', '37.4900400796431')",3M썬팅 부천상동점
811,대전시 서구 동서대로,"('127.368660214752', '36.3347219790235')",그린주유소
812,부산시 사상구 새벽시장로29번길,"('128.977964356387', '35.1568832539322')",루마버텍스 부산산업단지점
813,전남 여수시 웅남4길,"('127.67563643658', '34.746677193634')",루마썬팅 여수웅천점
814,경기도 화성시 융건로,"('126.983424564766', '37.2171975608415')",수레와바퀴
815,경북 칠곡군 강변대로,"('128.4040326554467', '35.932961462450535')",비쓰리에너지
816,서울시 강남구 개포로34길,"('127.050794568117', '37.4788323074311')",루마버텍스 강남개포점
817,경북 경주시 금성로,"('129.206651069983', '35.853154228643')",해동주유소
818,부산시 서구 구덕로279번길,"('129.017835013603', '35.1090184569501')",오케이카서비스
819,전남 광양시 중마로,"('127.702726561715', '34.9430433673573')",쉐보레 동광양바로서비스
820,대구시 북구 침산남로,"('128.59994603973604', '35.88616213568695')",미니주유소
821,전남 목포시 백년대로,"('126.414604892619', '34.8007380659069')",광장주유소
822,부산시 연제구 반송로,"('129.090464420602', '35.1927447936688')",기아오토큐 연산점
823,대전시 유성구 원신흥남로11번길,"('127.336842377906', '36.3340552938529')",다온다자동차유리 대전유성점
824,경기도 양주시 부흥로,"('127.07139200673', '37.7897048668907')",현대자동차블루핸즈 양주점
825,서울 서초구 양재대로,"('127.035939461535', '37.4613545490563')",BMW 도이치모터스 양재전시장
826,대구시 달서구 비슬로,"('128.51163374363287', '35.80859742228612')",현대자동차블루핸즈 대곡점
827,부산시 강서구 녹산산단232로,"('128.84032309031', '35.0854324660278')",루마버텍스 부산녹산공단점
828,부산시 수영구 무학로,"('129.114426680968', '35.1617436115687')",Unknown
829,경북 문경시 당교6길,"('128.182050086371', '36.5840440338707')",루마버텍스 문경점
830,부산시 수영구 수영로642번길,"('129.119326404294', '35.1628042226823')",루마썬팅 부산수영점
831,부산시 사상구 가야대로,"('128.9885049426786', '35.14993470364558')",기아오토큐 부산서비스센터
832,인천시 미추홀구 인하로,"('126.67244539352', '37.4487172069789')",명보주유소
833,경기도 평택시 도일유통길,"('127.10062729745', '37.039242989391')",루마썬팅 평택동삭점
834,서울시 관악구 남부순환로,"('126.941405790019', '37.4829084653991')",Unknown
835,부산시 사하구 다대로,"('128.978068858201', '35.06947847295514')",현대자동차블루핸즈 장림점
836,전북 군산시 번영로,"('126.72833722612565', '35.97135897432609')",BMW 내쇼날모터스 군산전시장
837,경북 상주시 경상대로,"('128.1523022572006', '36.39252408630847')",기아오토큐 신봉점
838,경북 구미시 들성로,"('128.349697741635', '36.1621224531922')",대경주유소
839,서울시 강동구 둔촌동,"('127.14307114869531', '37.53396925521996')",기아 길동지점
840,대구시 달서구 상화로,"('128.532159113781', '35.8101019976124')",현대자동차블루핸즈 진천점
841,경기도 고양시 세솔로,"('126.88838323299554', '37.6529277288289')",아우토반 삼송점
842,충북 제천시 명륜로,"('128.20909151695756', '37.14169715798573')",의림주유소
843,경기도 동두천시 평화로,"('127.057253800505', '37.8877183766926')",기아오토큐 지행점
844,경기도 군포시 삼성로87번길,"('126.936487460761', '37.3411539440525')",루마버텍스 군포당동점
845,강원도 춘천시 칠전동3길,"('127.716271125159', '37.8436490262025')",루마썬팅 춘천칠전점
846,경북 영주시 구성로88번길,"('128.632928054537', '36.8031030578831')",현대자동차블루핸즈 대흥자동차정비공장
847,서울시 마포구 동교로,"('126.92329131629734', '37.55855168990607')",Unknown
848,경남 진주시 하대로,"('128.11744377845685', '35.193066099743035')",기아 하대대리점
849,경남 거제시 거제중앙로,"('128.624671461992', '34.8855713358624')",Unknown
850,부산시 연제구 거제대로118번길,"('129.07079026189615', '35.17830038174908')",Unknown
851,경남 진주시 진산로,"('128.102196009104', '35.2017204081847')",세계주유소
852,경기도 광명시 양달로10번길,"('126.882192806606', '37.4132123097374')",루마버텍스 광명일직점
853,전남 담양군 담양읍,"('127.004429929837', '35.3239333000236')",Unknown
854,서울시 마포구 토정로,"('126.939616718821', '37.5423738327036')",현대자동차블루핸즈 용강점
855,충청남도 예산군 삽교읍,"('126.707787122963', '36.6639702271714')",Unknown
856,서울시 서초구 강남대로8길,"('127.04357134597696', '37.4691547400668')",3M썬팅 양재점
857,인천시 서구 청라한울로,"('126.64745833171665', '37.53824101942852')",Unknown
858,인천시 남동구 백범로,"('126.70446992213516', '37.46730114821553')",기아오토큐 간석점
859,울산시 북구 진장8길,"('129.359830947033', '35.566027687327')",루마버텍스 울산북구6호점
860,부산시 서구 보수대로,"('129.018965513105', '35.1150122728265')",기아오토큐 서대신점
861,경기도 동두천시 평화로2169번길,"('127.054498833859', '37.8808697830734')",루마썬팅 동두천점
862,경기도 의정부시 호국로,"('127.058244856835', '37.7486605395624')",쉐보레 한국지정서비스
863,부산시 수영구 구락로,"('129.115292274793', '35.1785511587873')",Unknown
864,경남 하동군 하동읍,"('127.766829945296', '35.0591576263612')",Unknown
865,경기 평택시 송탄로,"('127.05935045214092', '37.05753650499199')",기아 서정대리점
866,서울시 영등포구 국회대로,"('126.907804943801', '37.5256523333652')",현대자동차블루핸즈 영등포점
867,전라남도 순천시 하풍1길,"('127.507027203624', '34.9399219393431')",루마버텍스 순천풍덕점
868,경기도 부천시 까치로,"('126.805276742292', '37.5161069219985')",쉐보레 부천오정바로서비스
869,부산시 연제구 연산동,"('129.106876298355', '35.189951461926')",Unknown
870,전남 광양시 광양읍,"('127.608620845114', '34.9612867118434')",Unknown
871,부산시 연제구 연안로,"('129.107381705217', '35.1896290648127')",신한양주유소
872,전남 목포시 원산로,"('126.380985436166', '34.8091277403881')",쉐보레 목포바로서비스
873,제주도 제주시 매촌2길,"('126.589931766076', '33.5153149803066')",루마버텍스 제주도련점
874,경북 김천시 신음3길,"('128.119065407134', '36.1421840683945')",루마버텍스 김천점
875,강원도 철원군 금학로,"('127.22163266373819', '38.20100545461576')",기아오토큐 동송점
876,경기도 의정부시 동일로,"('127.057921482355', '37.7064303778147')",BMW 코오롱모터스 의정부전시장
877,강원도 강릉시 성덕로,"('128.925455707284', '37.758443382546')",루마버텍스 강릉성덕점
878,부산시 연제구 좌수영로,"('129.110084213111', '35.1883528217645')",루마버텍스 부산이마트타운점
879,전남 목포시 옥암로,"('126.42850216423787', '34.80430514596265')",기아 하당대리점
880,부산시 사상구 낙동대로902번길,"('128.970683766506', '35.1409176789651')",루마버텍스 부산낙동대로점
881,전북 군산시 대학로,"('126.685936857572', '35.9505595224179')",기아오토큐 미룡점
882,경북 울진군 울진읍,"('129.307987307023', '36.9597444751025')",Unknown
883,경기도 남양주시 와부읍,"('127.260967701021', '37.5591189170969')",Unknown
884,부산시 북구 덕천로,"('129.02046543980842', '35.21102484808894')",현대자동차블루핸즈 덕천점
885,경기도 부천시 양지로171번길,"('126.821893829046', '37.4691546892865')",솔라가드프리미엄 부천옥길점 원로그
886,전남 광양시 눈소1길,"('127.704143601141', '34.9377315082715')",르노삼성자동차 지정정비코너 중마점
887,경남 거제시 거제대로,"('128.597356903147', '34.8891275190596')",기아오토큐 장평점
888,경기도 평택시 신흥1로,"('127.144846391291', '37.0036911576997')",루마버텍스 안성IC점
889,서울시 성동구 아차산로,"('127.059766934299', '37.5470521339011')",쉐보레 동서울직영서비스센터
890,대구시 수성구 동대구로,"('128.624822164757', '35.8421444711435')",BMW 코오롱모터스 대구전시장
891,전남 무안군 무안읍,"('126.47749722856', '34.9878492223368')",Unknown
892,전남 순천시 서면,"('127.477054983062', '35.0431028226263')",Unknown
893,경북 영천시 호국로,"('128.961684749829', '35.9775732249539')",동영천ic주유소
894,충북 진천군 장기길,"('127.44095623519', '36.9827979699924')",루마썬팅 진천광혜원점
895,경기도 평택시 포승읍,"('126.847486541628', '36.970078347697')",Unknown
896,서울특별시 노원구 동일로,"('127.068687971734', '37.6400836787935')",Unknown
897,강원도 속초시 조양로64번길,"('128.593532833398', '38.1882762490221')",레인보우 조양점
898,대전시 유성구,"('127.289945203151', '36.3456664954889')",Unknown
899,부산시 동래구 충렬대로107번길,"('129.072498290426', '35.2073009696107')",루마썬팅 부산온천점
900,전남 완도군 장보고대로,"('126.747034399547', '34.3192852076812')",동화 주유소
901,대구시 남구 성당로,"('128.57469968787782', '35.85833325967273')",현대자동차블루핸즈 대명중부점
902,경기도 포천시 중앙로,"('127.196803198633', '37.8895967236353')",기아 포천지점
903,전남 강진군 보은로,"('126.77305971694433', '34.638025105679525')",산림조합주유소
904,경기도 가평군 청평면,"('127.49072076943015', '37.71502775032536')",Unknown
905,울산시 남구 중앙로,"('129.316443120789', '35.5295548782119')",기아오토큐 야음점
906,인천시 서구 원당대로608번길,"('126.668710719555', '37.5911439509445')",루마썬팅 인천원당대로점
907,전남 화순군 화순읍,"('126.920035653916', '35.0787388745842')",Unknown
908,광주시 광산구 상무대로,"('126.81018488889194', '35.143874633911906')",신공항LPG충전소
909,부산시 사하구 하신중앙로,"('128.964669458424', '35.0885771822814')",기아오토큐 부산부기산업
910,경기도 광주시 곤지암읍,"('127.327351952716', '37.3512673181098')",Unknown
911,경기도 하남시 천현로,"('127.215902362408', '37.5364110935158')",기아오토큐 신장점
912,경기도 파주시 송화로,"('126.77720976589202', '37.772967002471226')",Unknown
913,광주시 동구 중앙로,"('126.920295405675', '35.1633267568409')",Unknown
914,충북 충주시 사직로,"('127.919379213684', '36.967200642495')",문화주유소
915,경기도 평택시 중앙2로,"('127.10009446893095', '36.989519151969205')",쌍용자동차 평택전시장
916,제주시 화북이동 4837-6,"('126.549314768271', '33.5120182974903')",루마썬팅 제주화북점
917,경기도 화성시 우정읍,"('126.554282213197', '37.0596163660571')",Unknown
918,경기도 부천시 신흥로,"('126.774459416634', '37.5208238003279')",기아오토큐 서부천서비스
919,제주도 서귀포시 중앙로,"('126.559934772955', '33.2604855388415')",Unknown
920,경기도 파주시 월롱면,"('126.791313116011', '37.7707728496384')",기아오토큐 파주정비서비스
921,경북 칠곡군 금오대로,"('128.344865082322', '36.056559530593')",현대자동차블루핸즈 북삼현대써비스
922,부산시 수영구 광안로16번길,"('129.11308411883724', '35.154640738089405')",루마썬팅 부산수영남천점
923,경북 청도군 화양읍,"('128.71878233032', '35.6839809696742')",Unknown
924,충북 제천시 의림대로,"('128.21454346960445', '37.14747902412696')",현대오일뱅크직영 제천대로셀프주유소
925,경북 상주시 중앙로,"('128.15352567762318', '36.41557279498562')",르노삼성자동차 상주대리점
926,경북 구미시 이계북로,"('128.404032062497', '36.1063628078113')",스피드메이트 이마트동구미점
927,부산시 해운대구 해운대해변로,"('129.160372505985', '35.1600134807301')",BMW 동성모터스 부산해운대전시장
928,충남 논산시 연무읍,"('127.106615561594', '36.1024918046743')",Unknown
929,경기도 남양주시 경강로,"('127.182441168432', '37.609783192243')",동안에너지 왕자궁주유소
930,울산시 북구 사청1길,"('129.359688881507', '35.5861418727077')",루마썬팅 울산남구오토클럽점
931,충남 논산시 계백로,"('127.07377986036', '36.1884740873323')",기아오토큐 논산전문정비
932,경북 고령군 중앙로,"('128.27457411205614', '35.729031496405916')",루마썬팅 경북고령점
933,전북 고창군 중앙로,"('126.691981466995', '35.4352149107293')",광진주유소
934,경기도 화성시 10용사로,"('127.064933734749', '37.1985147583309')",BMW 삼천리모터스 동탄전시장
935,광주시 남구 대남대로,"('126.893498735467', '35.1410029048837')",대원주유소
936,대구시 달성군 비슬로,"('128.44079341134', '35.6930620660438')",기아오토큐 현풍점
937,경기도 의정부시 금오로,"('127.068606609245', '37.7535237922462')",기아오토큐 금오점
938,서울시 양천구 목동동로14길,"('126.872036202945', '37.5242350564806')",스미스클럽 오목교점
939,경남 거제시 거제중앙로31길,"('128.62019481519178', '34.88992206239554')",Unknown
940,서울특별시 중랑구 신내역로1가길,"('127.105781195168', '37.6132933538014')",루마썬팅 신내점
941,대구시 수성구 범어로,"('128.6369705143462', '35.856605962533585')",Unknown
942,서울시 양천구 남부순환로,"('126.839246145552', '37.5186484099911')",현대자동차블루핸즈 신월대형점
943,제주도 제주시 구남동6길,"('126.535150477776', '33.4870856032914')",Unknown
944,광주시 북구 군왕로,"('126.933815739497', '35.1770175107039')",으뜸주유소
945,전남 해남군 중앙1로,"('126.58303791438544', '34.57911333328706')",현대자동차블루핸즈 해남점
946,강원도 원주시 행구로,"('127.983825955813', '37.3431781609994')",행운주유소
947,광주시 북구 서암대로,"('126.89490866101902', '35.17097254390763')",르노삼성자동차 서비스코너 북구신안점
948,전남 순천시 고지1길,"('127.484235578177', '34.9798414212875')",삼산카인테리어
949,경기도 양주시 은현면,"('127.019650801814', '37.828073268147')",Unknown
950,대구시 서구 문화로,"('128.537032483204', '35.8750851174926')",엠월드
951,경기도 의왕시 백운로,"('126.985805495026', '37.3537088660928')",오전 주유소
952,경북 경주시 원화로,"('129.219097215965', '35.8552712164296')",우주주유소
953,세종시 연기면 조뱅이길,"('127.23350324447296', '36.536525279656054')",버블박스
954,경기도 남양주시 불암로,"('127.10770463112365', '37.64958691817259')",르노삼성자동차서비스 별내점
955,서울시 송파구 오금로,"('127.117687531052', '37.5070185614432')",Unknown
956,경기도 의정부시 경의로,"('127.039133383739', '37.7331285175674')",현대자동차블루핸즈 의정부점
957,울산시 북구 진장23길,"('129.354527788469', '35.5697608644588')",카샤인
958,서울시 서초구 언남12길,"('127.044600558973', '37.4738360061866')",가드존
959,경기도 안성시 남파로,"('127.26036636531445', '37.01735255326614')",Unknown
960,서울시 강남구 도곡로,"('127.055412050896', '37.4974810941842')",BMW 도이치모터스 대치전시장
961,광주시 북구 제봉로,"('126.912289795668', '35.1568098060301')",타이어프로 북동점
962,대구시 수성구 희망로,"('128.61006006358872', '35.84733374684769')",기분좋은주유소
963,전남 광양시 강변동길,"('127.583603450668', '34.9654404417097')",길레카
964,620000,"(0, 0)",Unknown
